Local Authority Data,,,,,,,,,,,,,,,,,,,,,,,,,,,,,,,,,,,,,,,,,,,,,,
This worksheet contains one table.,,,,,,,,,,,,,,,,,,,,,,,,,,,,,,,,,,,,,,,,,,,,,,
"This table contains notes, which can be found in the Notes worksheet.",,,,,,,,,,,,,,,,,,,,,,,,,,,,,,,,,,,,,,,,,,,,,,
Local authority code,Local authority,LAD24NM,LAD24CD,Region code,Region name,Country,Notes,1987,1988,1989,1990,1991,1992,1993,1994,1995,1996,1997,1998,1999,2000,2001,2002,2003,2004,2005,2006,2007,2008,2009,2010,2011,2012,2013,2014,2015,2016,2017,2018,2019,2020,2021,2022,2023,2024,2025
E07000223,Adur,Adur,E07000223,E12000008,South East,England,,"1,228","1,322","1,308","1,219","1,470","1,350","1,117","1,151","1,157","1,281","1,468",969,"1,162",853,"1,060",873,"1,262","1,551","1,888","1,711","1,520","1,548","1,681","1,603","1,657","1,354","1,111","1,256","1,261",691,769,854,626,751,741,829,936,980,"1,033"
E07000026,Allerdale,Cumberland,E06000063,E12000002,North West,England,,"2,041","2,665","2,155","1,858","2,406","2,203","2,670","1,282","1,686","1,863","1,377","1,856","1,330",946,996,"1,225",798,"1,460","1,701","2,013","2,455","2,371","2,479","1,775","1,137","1,137","1,137","1,137",0,0,0,0,"2,028","2,313","2,585","3,296","3,619",[z],[z]
E07000157,Alnwick,Northumberland,E06000057,E12000001,North East,England,,999,"1,002","1,056",779,895,668,648,644,761,610,586,551,543,773,568,802,961,"1,155","1,192",869,"1,007","1,044","1,010",[z],[z],[z],[z],[z],[z],[z],[z],[z],[z],[z],[z],[z],[z],[z],[z]
E07000032,Amber Valley,Amber Valley,E07000032,E12000004,East Midlands,England,,"1,890","1,306","2,017","1,731","1,577","2,522","1,826","2,413","3,147","2,413","1,736","3,184","2,022","1,834","1,678","2,104","3,551","3,078","3,370","3,170","2,982","1,875","2,533","2,639","2,820","2,893","2,149","2,914","2,106","2,985","2,324","1,791","2,026","1,848","2,035","1,948","1,932","2,072","2,273"
E07000224,Arun,Arun,E07000224,E12000008,South East,England,,375,345,359,261,292,407,526,526,434,519,544,702,689,834,852,933,905,"1,385","2,309","2,389","3,882","3,318","3,566","3,221","3,653","5,175","1,171",988,993,841,"1,257",839,846,941,"1,054","1,317","1,732","2,274","1,655"
E07000170,Ashfield,Ashfield,E07000170,E12000004,East Midlands,England,,"3,640","4,729","5,625","4,917","4,724","5,817","4,500","5,629","4,863","4,657","4,565","3,632","2,978","2,899","2,984","3,827","4,505","3,829","3,829","4,364","4,602","4,462","5,835","4,981","4,909","3,235","5,194","6,329","4,495","4,661","4,128","3,346","4,286","3,673","3,474","4,074","3,989","4,008","3,847"
E07000105,Ashford,Ashford,E07000105,E12000008,South East,England,,"3,078","2,837","2,988","2,097","2,098","1,671","2,016","1,902","2,031","2,179","1,991","2,153","2,201","2,151","1,691","1,438","2,077","2,665","2,482","1,174","1,508","1,762","1,248","1,078","1,449","1,220","1,106","1,451","1,254","1,609","1,572","1,129","1,074","1,077","1,246","1,294","1,221","1,457","1,478"
E07000004,Aylesbury Vale,Buckinghamshire,E06000060,E12000008,South East,England,,969,"1,044","1,188",692,346,636,929,716,733,810,687,816,841,785,842,965,"1,165","1,394","1,804","2,191","2,545","2,899","2,136","3,079","3,769","4,033","4,654","5,204","2,570","3,078","3,505","3,686","2,808","2,096",[z],[z],[z],[z],[z]
E07000200,Babergh,Babergh,E07000200,E12000006,East of England,England,,"1,372",645,"1,224","1,205","1,325","1,701","1,632","1,732","1,671","1,140","1,216","1,112","1,074","1,072","1,047","1,005","1,381","1,527","1,472","1,924","1,697","1,782","1,512","1,879","1,725","1,748","1,543",955,864,851,761,748,912,830,754,786,791,962,"1,067"
E09000002,Barking and Dagenham,Barking and Dagenham,E09000002,E12000007,London,England,,"4,290","4,853","3,869","4,617","4,465","1,802","2,183","1,693","1,784","1,679","1,422","1,682","1,785","1,925","2,157","2,668","3,018","3,149","2,321","7,689","9,185","10,844","11,411","11,376","12,223","13,671","11,596","11,024","13,579","6,704","6,795","4,587","4,856","5,350","5,585","5,996","4,337","3,940","4,253"
E09000003,Barnet,Barnet,E09000003,E12000007,London,England,,"6,799","7,827","7,787","8,836","9,873","10,015","4,642","2,758","2,969","2,975","2,975","4,429","5,004","5,489","6,732","7,030","8,738","10,732","13,627","16,470","17,909","11,241","13,982","15,166","16,103",815,981,"1,045","3,065","3,213","2,683","2,648","2,914","1,678","3,171","3,241","4,149","4,437","3,485"
E08000016,Barnsley,Barnsley,E08000038,E12000003,Yorkshire and The Humber,England,,"5,071","4,657","4,688","5,163","5,684","5,986","6,045","4,530","4,142","5,544","5,538","4,448","3,853","4,174","3,570","3,758","4,131","4,748","5,563","6,694","6,487","6,097","7,804","7,215","5,874","6,345","6,086","5,850","5,858","5,129","5,472","3,888","5,286","5,238","6,161","5,855","6,725","7,762","4,138"
E07000027,Barrow-in-Furness,Westmorland and Furness,E06000064,E12000002,North West,England,,"1,418","1,538","1,911","1,136","2,111","2,820","1,537","1,547",977,879,853,394,926,628,551,682,974,"1,291","1,482","1,446","1,631","1,620","1,666","1,506","1,485","1,348","1,280","1,439","1,647","1,407","1,103","1,182","1,263","1,524","1,406","2,213","2,679",[z],[z]
E07000066,Basildon,Basildon,E07000066,E12000006,East of England,England,,"5,660","6,449","6,525","6,027","5,457","4,808","4,226","3,283","2,785","2,914","2,472","2,625","2,878","2,869","1,749","2,380","3,027","3,178","2,796","2,529","4,084","2,053","3,209","3,339","3,007","3,634","4,129","4,557",725,"1,224","1,255","1,169","1,035","1,376","1,595","1,613","1,535","1,934","2,376"
E07000084,Basingstoke and Deane,Basingstoke and Deane,E07000084,E12000008,South East,England,,"3,163","3,363","3,402","3,451","3,552","3,869","3,917","3,719","2,576","3,383","3,533","3,584","4,245","4,046","4,652","4,281","4,497","4,761","4,937","5,083","5,543","5,633","1,762","6,078","5,454","6,178","6,673","7,513","7,923","2,350","3,037","3,674","4,254","4,506","4,922","4,061","4,742","5,304","4,465"
E07000171,Bassetlaw,Bassetlaw,E07000171,E12000004,East Midlands,England,,"4,763","4,771","5,409","5,142","5,244","6,702","6,458","6,587","6,345","7,048","6,088","4,013","4,396","4,687","4,749","4,601","5,322","3,702","5,750","6,111","5,780","5,184","4,008","4,913","4,190","3,856","3,662","3,486","3,294","2,925","2,595","3,326","3,493","3,910","3,687","3,903","4,492","4,908","5,342"
E06000022,Bath and North East Somerset,Bath and North East Somerset,E06000022,E12000009,South West,England,,"3,121","2,590","2,615","2,365","2,215","2,074","2,372","2,264","2,255","2,258","2,600","3,052","2,428","3,324","3,521","2,375","2,640","3,289","3,183","5,457","5,935","5,435","6,990","8,800","10,344","11,775","12,860","4,747","5,662","6,093","5,755","4,084","5,138","5,590","4,871","5,482","5,313","5,872","6,423"
E07000002,Bedford,Bedford,E06000055,E12000006,East of England,England,,"3,934","3,900","3,750","3,803","3,803","3,803","3,803","1,913","2,165","2,118","1,387","2,214","2,449","2,695","3,680","2,071","2,891","2,713","2,647","2,359","2,598","2,212","1,273",[z],[z],[z],[z],[z],[z],[z],[z],[z],[z],[z],[z],[z],[z],[z],[z]
E06000055,Bedford,Bedford,E06000055,E12000006,East of England,England,,[z],[z],[z],[z],[z],[z],[z],[z],[z],[z],[z],[z],[z],[z],[z],[z],[z],[z],[z],[z],[z],[z],[z],"2,046","3,093","3,461","3,013",945,"1,051","1,347","1,148","1,085","1,137","1,251","1,220","1,440","1,877","2,267","2,465"
E07000158,Berwick-upon-Tweed,Northumberland,E06000057,E12000001,North East,England,,833,815,847,867,892,784,782,730,716,708,668,659,828,523,566,455,492,455,756,556,635,920,521,[z],[z],[z],[z],[z],[z],[z],[z],[z],[z],[z],[z],[z],[z],[z],[z]
E09000004,Bexley,Bexley,E09000004,E12000007,London,England,,"3,961","3,868","3,877","3,875","3,924","3,983","3,717","3,597","3,710","3,863","3,175","1,896","2,762","3,592","3,596","3,487","4,265","4,404","4,528","5,955","6,115","6,180","6,489","6,660","6,759","9,765","9,579","3,481","4,612","5,017","6,022","6,613","6,553","6,589","6,365","6,116","1,211","1,479","1,640"
E08000025,Birmingham,Birmingham,E08000025,E12000005,West Midlands,England,,"25,231","21,455","20,394","20,465","23,375","20,441","17,837","16,612","16,843","13,639","12,308","12,573","14,089","14,077","14,524","16,095","18,725","18,639","17,493","14,614","14,748","19,192","19,190","17,749","16,429","17,454","19,496","17,541","16,130","15,110","12,692","6,398","12,927","14,208","17,307","21,867","20,625","23,969","25,996"
E07000129,Blaby,Blaby,E07000129,E12000004,East Midlands,England,,893,830,"1,182","1,020","1,114","1,070",969,"1,199","1,266","1,155",996,874,763,656,629,633,"1,006","1,491","2,340","1,064","1,569","2,016","1,885","1,096",811,"1,482","1,754","1,911",697,"1,032","1,926",396,622,850,836,870,733,831,908
E06000008,Blackburn with Darwen,Blackburn with Darwen,E06000008,E12000002,North West,England,,"2,894","3,033","2,582","3,472","4,309","4,402","4,026","1,765","2,201","2,764","2,316","1,854","1,493","1,592","1,691","1,608","3,717","4,528","6,177","7,520","10,066","9,194","6,473","5,526","6,359","4,921","4,101","4,892","3,942","3,401","3,026","3,381","3,462","3,723","3,939","3,407","5,416","4,689","4,490"
E06000009,Blackpool,Blackpool,E06000009,E12000002,North West,England,,"3,720","4,326","5,140","5,627","4,109","4,700","4,672","4,348","4,375","4,201","4,159","4,491","3,611","4,956","1,700","3,073","4,712","4,970","5,419","2,706","4,180","4,896","6,692","6,769","6,221","7,178","6,320","4,843","4,162","5,049","5,024","5,954","6,377","7,740","5,502","6,439","7,635","8,893","11,844"
E07000159,Blyth Valley,Northumberland,E06000057,E12000001,North East,England,,"1,720","1,893","2,297","2,866","2,418","3,151","3,710","2,976","2,957","2,983","1,695","1,760","1,926","2,110","1,878","1,966","2,223","2,753","3,637","4,867","3,314","4,028","3,585",[z],[z],[z],[z],[z],[z],[z],[z],[z],[z],[z],[z],[z],[z],[z],[z]
E07000033,Bolsover,Bolsover,E07000033,E12000004,East Midlands,England,,"2,251","2,088","2,529","2,739","3,198","2,754","2,913","2,966","3,252","3,421","2,788","2,260","2,014","2,209","1,702","2,146","2,140","2,438","1,807","2,509","2,800","2,499","2,529","3,299","1,180","1,995","2,046","1,578","1,436","1,624","1,093","1,205","1,408","1,670","1,519","1,669","2,094","2,549",398
E08000001,Bolton,Bolton,E08000001,E12000002,North West,England,,"5,845","5,349","5,208","5,294","8,338","7,453","8,571","6,196","5,213","5,626","4,460","4,434","5,005","5,391","4,808","9,371","11,909","18,490","16,096","21,422","25,405","20,825","22,035","24,226","26,223","27,499","17,097","18,352","21,003","23,283","25,574","31,788","24,382","22,159","9,042","14,543","19,118","22,467","21,479"
E07000136,Boston,Boston,E07000136,E12000004,East Midlands,England,,"2,026","2,163","1,776","1,258",827,788,822,"1,048",604,627,878,948,"1,215",389,"1,036","1,293","1,247","1,456","1,842","1,882","1,026","1,693","1,977","1,781","2,283","2,042","2,564","2,374","2,268","2,399","1,650","1,814","2,328","2,421","3,024",880,"1,174","1,176","1,177"
E06000028,Bournemouth,"Bournemouth, Christchurch and Poole",E06000058,E12000009,South West,England,,894,939,"1,018","1,063",862,880,891,861,805,805,904,"1,044","1,397","1,506","1,624","1,753","1,953","2,336","3,721","4,633","5,776","7,269","6,925","7,732","8,047","9,425","3,177","4,122","3,782","4,481","3,511","4,379","4,539",[z],[z],[z],[z],[z],[z]
E06000058,"Bournemouth, Christchurch and Poole","Bournemouth, Christchurch and Poole",E06000058,E12000009,South West,England,,[z],[z],[z],[z],[z],[z],[z],[z],[z],[z],[z],[z],[z],[z],[z],[z],[z],[z],[z],[z],[z],[z],[z],[z],[z],[z],[z],[z],[z],[z],[z],[z],[z],"5,148","4,672","1,180","2,151","2,762","3,144"
E06000036,Bracknell Forest,Bracknell Forest,E06000036,E12000008,South East,England,,"3,045","3,016",937,876,824,822,890,883,905,"1,275","1,357","1,386","1,308","1,302","1,331","1,413","1,604","2,812","3,019","4,076","4,067","4,122","4,175","2,851","3,478","3,962","2,706","2,069","2,282","2,260","1,844","1,562","1,501","1,332","1,347","1,690","1,869","1,783","1,479"
E08000032,Bradford,Bradford,E08000032,E12000003,Yorkshire and The Humber,England,,"7,748","7,565","8,063","9,372","9,170","8,841","7,812","6,519","7,754","12,364","11,600","12,458","5,639","6,183","3,909","3,810","15,593","23,786","32,046","41,685","45,146","50,935","56,072","13,403","20,800","15,606","14,832","15,058","8,707","11,385","12,863","11,826","15,356","17,215","14,420","20,950","17,285","22,559","18,357"
E07000067,Braintree,Braintree,E07000067,E12000006,East of England,England,,"3,196","3,201","3,418","3,528","3,164","3,300","3,091","2,802","2,766","2,644","2,617","2,655","2,503","2,849","2,425","2,387","2,464","2,309","2,282","2,593","2,007","2,276","3,112","4,279","3,853","3,062","2,955","2,359","2,305","2,276","2,466","2,749","1,745","1,834","2,464","2,460","2,440","2,680","3,428"
E07000143,Breckland,Breckland,E07000143,E12000006,East of England,England,,"1,163","1,378","2,031","2,115","1,852","1,819","1,762","1,762","1,570","1,507","1,403","1,380","1,477","1,590","1,549","2,014","2,395","2,448","3,453","3,452","2,748","3,160","2,149","2,419","2,680","4,769","2,440","1,839","2,324","3,398","2,184",858,"1,158",662,861,"1,218","1,411","1,456","1,089"
E09000005,Brent,Brent,E09000005,E12000007,London,England,,"14,496","18,010","16,579","16,579","9,477","3,047","4,575","5,937","8,029","9,503","12,974","10,153","11,703","12,603","13,511","14,746","13,425","15,504","17,351","16,398","18,609","20,386","21,737","16,260","14,443","16,735","17,580","5,102","3,737","3,630","3,274","3,498","3,319","3,051","24,002","25,218","28,150","33,263","36,534"
E07000068,Brentwood,Brentwood,E07000068,E12000006,East of England,England,,393,339,264,277,476,670,803,643,552,573,653,608,513,523,457,365,461,777,"1,091","1,439","1,070","1,582","2,495","2,530","2,514","3,054",999,"1,432",584,"1,005",600,626,560,801,724,154,230,240,261
E07000182,Bridgnorth,Shropshire,E06000051,E12000005,West Midlands,England,,"1,130","1,284",751,905,845,941,"1,035","1,075",687,783,521,438,425,489,368,505,528,571,660,852,"1,252","1,244",558,[z],[z],[z],[z],[z],[z],[z],[z],[z],[z],[z],[z],[z],[z],[z],[z]
E06000043,Brighton and Hove,Brighton and Hove,E06000043,E12000008,South East,England,,"2,493","2,665","2,989","2,613","2,745","2,437","2,417","1,888","2,208","2,588","1,611","2,400","3,610","3,168","3,304","3,274","4,307","7,500","8,056","8,056","10,667","9,046","9,546","9,719","10,852","11,870","16,249","19,071","22,182","23,698","24,392","14,785","8,637","8,967","6,891","4,671","4,746","4,605","4,272"
E06000023,Bristol,Bristol,E06000023,E12000009,South West,England,,"8,390","8,313","7,972","7,998","7,640","8,754","8,480","8,025","10,551","10,758","10,462","10,030","11,299","12,280","11,853","11,384","12,944","11,632","11,809","12,927","14,448","10,106","9,683","10,420","11,167","14,585","14,360","14,513","7,197","9,784","8,871","11,693","12,181","13,725","15,486","16,919","20,065","21,430","22,464"
E07000144,Broadland,Broadland,E07000144,E12000006,East of England,England,,"1,131","1,401","1,518","1,450","1,446","1,190","1,598","1,598","1,697","1,951","2,197",949,"1,066","1,975",876,"2,036","2,185","2,554","2,606","3,185","3,883","2,801","3,404","3,503","3,273","2,860","3,221","3,028","2,941","3,168","2,854","2,260","2,130","1,362",611,812,923,"1,051",869
E09000006,Bromley,Bromley,E09000006,E12000007,London,England,,"3,555","3,354","2,800","2,845","2,273","2,201","2,489","2,668","2,601","2,983","2,380","2,487","3,202","3,264","3,787","3,592","3,556","3,866","2,998","4,282","4,427","4,861","3,794","5,909","6,672","1,064","2,335","3,126","3,228","2,793","3,777","3,438","3,501","1,634","2,408","2,618","2,772","3,201","3,430"
E07000234,Bromsgrove,Bromsgrove,E07000234,E12000005,West Midlands,England,,"1,489","1,676","1,803","1,704","1,808","1,818","1,826","1,644","1,608","1,583","1,669","1,110","1,377","1,709","1,171","1,344","1,426","1,503","1,805","1,728","1,852","1,861","2,059","3,079","2,978","3,441","3,678","1,785","1,926","1,664","1,906","2,378","2,862","1,835","2,639","3,125","2,636","2,375","2,755"
E07000095,Broxbourne,Broxbourne,E07000095,E12000006,East of England,England,,"2,868","1,917","1,851","1,706","1,264","1,260","1,327","1,543","1,739","1,755","1,668","1,745","1,668","1,422","1,382","1,404","2,329","2,487","2,633","2,085","2,005","1,358","1,784","2,372","3,100","3,469","3,614","2,607","2,159","1,887","1,768","1,715","1,656","1,603","1,586","1,509","1,466","1,622","1,686"
E07000172,Broxtowe,Broxtowe,E07000172,E12000004,East Midlands,England,,"2,096","2,428","2,642","2,886","3,327","3,859","1,178","1,306","1,128","1,016",997,"1,342","1,313","1,325","1,288","1,287","1,399","1,777","2,502","2,508","2,293","2,448","2,759","2,955",983,"2,254","1,387","1,726","1,176","1,149","1,448","1,474","1,812","1,954","2,300","2,795","1,632","1,511","1,121"
E06000060,Buckinghamshire,Buckinghamshire,E06000060,E12000008,South East,England,,[z],[z],[z],[z],[z],[z],[z],[z],[z],[z],[z],[z],[z],[z],[z],[z],[z],[z],[z],[z],[z],[z],[z],[z],[z],[z],[z],[z],[z],[z],[z],[z],[z],[z],"6,179","6,639","5,804","6,327","2,729"
E07000117,Burnley,Burnley,E07000117,E12000002,North West,England,,"2,133","1,129","1,390","2,270","2,270","2,376","2,317","2,896","2,468","2,313","2,466","1,793","2,035","1,729","2,329","2,167","2,332","1,482","1,376","1,376",231,238,326,491,"2,027","1,710","2,265","2,001","1,951","2,060","1,792","1,359","1,541","1,404","1,819","1,669","2,604","2,657","2,543"
E08000002,Bury,Bury,E08000002,E12000002,North West,England,,"3,438","3,450","3,371","2,206","2,596","3,485","2,230","2,305","1,908","2,081","2,414","2,441","3,739","2,013","2,557","2,209","2,184","2,386","2,370","3,353","3,264","3,354","3,181","2,450","2,648","3,059","2,844","1,166","1,058","1,381","1,205","1,211","1,149","1,113","1,226","1,268","1,413","2,211","3,035"
E08000033,Calderdale,Calderdale,E08000033,E12000003,Yorkshire and The Humber,England,,"4,645","6,159","6,044","6,565","6,387","6,646","6,026","5,706","5,474","4,990","4,666","5,142","6,335","3,004","3,194","3,253","3,785","4,640","4,962","7,489","5,872","6,291","7,718","8,916","8,251","7,614","9,670","7,322","10,657","4,235","3,063","2,561","4,915","7,282","8,714","9,973","7,486","9,595","11,180"
E07000008,Cambridge,Cambridge,E07000008,E12000006,East of England,England,,"3,558","4,207","4,005","4,127","3,981","3,747","4,228","6,108","4,259","4,297","2,489","3,849","4,319","4,575","4,472","2,860","3,218","3,724","4,251","4,743","5,214","5,984","6,897","7,758","6,869","8,272","2,204","1,677","2,308","2,193","2,236","2,372","2,624","1,671","1,997","1,338","1,508","1,713","1,810"
E09000007,Camden,Camden,E09000007,E12000007,London,England,,"10,553","11,074","12,385","13,489","14,376","14,568","12,359","11,610","6,918","6,873","7,456","8,019","6,302","5,884","8,614","8,147","8,961","15,757","16,532","9,562","10,442","11,712","13,128","15,213","17,052","18,974","20,720","22,409","24,644","2,930","2,967","3,074","5,991","6,364","7,062","7,017","7,423","8,028","8,380"
E07000192,Cannock Chase,Cannock Chase,E07000192,E12000005,West Midlands,England,,"2,746","3,237","3,431","3,463","4,002","4,030","2,079","2,404","2,443","2,803","2,420","2,310","3,716",825,"2,764","1,992","1,369","2,029","1,976","2,344","1,835","1,632","1,408","1,782","1,984","2,269","1,043","1,296","1,256","1,078",573,886,800,816,964,"1,096","1,364","1,192",918
E07000106,Canterbury,Canterbury,E07000106,E12000008,South East,England,,"2,384","2,398","2,341","2,560","2,599","2,649","2,327","2,924","3,238","2,743","1,612","1,548","1,920","2,164","2,185","2,738","2,484","2,814","3,330","3,039","3,398","3,758","3,519","3,290","3,519","4,588","4,708","1,734","2,269","2,595","2,709","2,314","1,983","2,268","2,547","2,809","2,809",[x],"1,356"
E07000019,Caradon,Cornwall,E06000052,E12000009,South West,England,,"2,362","2,713","2,427","2,554","2,373","2,525","1,938","2,127","2,687","2,225","1,832","2,310","2,323","1,575","1,331","1,327","1,739","1,883","2,608","3,404","3,281","3,261","3,210",[z],[z],[z],[z],[z],[z],[z],[z],[z],[z],[z],[z],[z],[z],[z],[z]
E07000028,Carlisle,Cumberland,E06000063,E12000002,North West,England,,"7,079","6,500","3,515","4,437","4,889","4,019","4,592","4,818","3,687","4,049","2,642","3,207","3,681","4,147","1,337","1,882","1,882","2,907","3,080","3,976","2,480","2,587","4,336","6,987","4,257","4,119","4,136","5,998","6,924","6,694","3,369","3,961","3,369","4,994","5,541","6,267","5,326",[z],[z]
E07000020,Carrick,Cornwall,E06000052,E12000009,South West,England,,975,"1,035",966,"1,624","1,044","1,010","1,118",959,967,"1,183","1,315","1,290","1,334","1,453","1,301","1,397","1,488","1,692","2,362","2,813","2,537","2,753","2,987",[z],[z],[z],[z],[z],[z],[z],[z],[z],[z],[z],[z],[z],[z],[z],[z]
E07000160,Castle Morpeth,Northumberland,E06000057,E12000001,North East,England,,"1,172","1,263","1,293","1,289","1,345","1,623","2,229","2,178","2,866","1,552","1,608","1,610",859,"1,083","1,424",719,"2,048","1,426","1,419","1,697","1,277",931,"1,033",[z],[z],[z],[z],[z],[z],[z],[z],[z],[z],[z],[z],[z],[z],[z],[z]
E07000069,Castle Point,Castle Point,E07000069,E12000006,East of England,England,,196,244,254,177,161,149,192,248,281,248,367,672,662,702,481,604,937,"1,255",782,"1,064","1,437","1,465","1,374","1,391","1,311","1,321","1,818","1,714","1,686","1,034",574,539,359,554,577,589,659,648,748
E06000056,Central Bedfordshire,Central Bedfordshire,E06000056,E12000006,East of England,England,,[z],[z],[z],[z],[z],[z],[z],[z],[z],[z],[z],[z],[z],[z],[z],[z],[z],[z],[z],[z],[z],[z],[z],"3,213","3,604","3,269","3,371","3,673","2,958",741,"1,292","1,611","1,681","1,680","1,789","1,387","2,151","1,012","2,980"
E07000130,Charnwood,Charnwood,E07000130,E12000004,East Midlands,England,,"2,675","2,919","3,127","2,360","2,193","2,100","1,766","1,439",876,890,"1,027",768,738,701,683,857,"1,184","1,621","1,690","2,173","2,144","1,992","2,131","2,015","1,623","2,129","2,856","1,020","1,262","2,029","2,290","2,553","2,816","2,816","1,058","1,214",690,831,"1,143"
E07000070,Chelmsford,Chelmsford,E07000070,E12000006,East of England,England,,"2,671","2,840","3,502","3,253","3,232","3,246","3,253","3,259","3,134","3,514","3,602","3,607","3,733","3,582","1,640","3,865","5,088","5,439","5,752","5,351","5,265","2,451","3,291","4,248","5,502","3,621","3,944","4,772","5,251","5,439","5,576","3,939","3,948",522,662,866,"1,130","1,510","1,855"
E07000078,Cheltenham,Cheltenham,E07000078,E12000009,South West,England,,"1,244","1,564","1,736","1,395","1,454",784,"1,214","1,004",805,928,912,826,"1,295","1,897","2,335","2,775","3,587","3,620","2,330","2,488","3,384","2,313","3,137","2,618","3,882","4,053","3,022","3,301","2,713","2,709","2,741","2,223","2,484","2,161","2,325","2,713","2,782","2,667","2,670"
E07000177,Cherwell,Cherwell,E07000177,E12000008,South East,England,,"2,015","2,247","2,113","1,931","1,760","1,944","1,905","1,883","1,802","1,856","1,933","2,242","2,422","2,520","2,676","2,560","3,023","2,450","3,767","3,436","3,415","3,072","3,309","3,569","3,750","4,028","3,126",547,841,858,869,"1,179","1,084","1,294","1,640","1,932","1,917","1,944","2,183"
E06000049,Cheshire East,Cheshire East,E06000049,E12000002,North West,England,,[z],[z],[z],[z],[z],[z],[z],[z],[z],[z],[z],[z],[z],[z],[z],[z],[z],[z],[z],[z],[z],[z],[z],"6,896","8,725","10,177","12,495","6,018","7,314","6,844","7,070","7,931","6,326","7,680","5,052","6,287","6,027","8,191","7,847"
E06000050,Cheshire West and Chester,Cheshire West and Chester,E06000050,E12000002,North West,England,,[z],[z],[z],[z],[z],[z],[z],[z],[z],[z],[z],[z],[z],[z],[z],[z],[z],[z],[z],[z],[z],[z],[z],"12,568","16,079","17,382","19,025","6,085","2,790","3,656","3,570","6,204","7,714","7,603","7,434","6,438","6,822","6,656","5,931"
E07000013,Chester,Cheshire West and Chester,E06000050,E12000002,North West,England,,"3,802","3,838","3,773","3,764","4,207","4,319","3,839","3,750","3,668","4,384","3,614","3,797","4,842","4,899","2,080","3,021","3,204","3,328","3,394","3,882","4,087","5,802","6,328",[z],[z],[z],[z],[z],[z],[z],[z],[z],[z],[z],[z],[z],[z],[z],[z]
E07000054,Chester-le-Street,County Durham,E06000047,E12000001,North East,England,,"2,036","2,563","3,623","4,028","3,923","4,922","2,791","2,011","1,671","1,706","1,708","1,800","1,902","1,314","1,698","1,827","2,028","2,366","2,464","3,336","2,470","2,576","2,596",[z],[z],[z],[z],[z],[z],[z],[z],[z],[z],[z],[z],[z],[z],[z],[z]
E07000034,Chesterfield,Chesterfield,E07000034,E12000004,East Midlands,England,,"5,529","6,322","5,838","5,271","5,171","5,524","5,513","5,004","4,955","5,506","3,802","3,786","3,275","4,043","2,364","5,429","1,774","3,008","3,594","4,334","5,217","5,803","1,566","3,405","3,317","2,137","1,690","1,699","1,359","1,617","1,293","1,342","1,636","1,229","2,252","2,558","2,224","2,232","2,333"
E07000225,Chichester,Chichester,E07000225,E12000008,South East,England,,"1,753","1,953","2,152","2,129","2,018","2,215","2,024","1,864","1,953","1,861","2,211","1,940","2,148","2,106","2,187","2,220","2,167","2,280","2,126","2,762","2,678","3,779","5,922","6,946","4,982","4,368","5,837","3,351","1,934","1,780","1,480","1,162","1,199","1,226","1,527","2,405","2,029","2,092","2,421"
E07000005,Chiltern,Buckinghamshire,E06000060,E12000008,South East,England,,"1,532","1,704","1,704","1,704","1,704","1,704","1,310","1,010",960,"1,097","1,033",701,667,631,698,763,"1,034","1,182",967,"1,125","1,207","1,130","1,023","1,857","1,981","1,203","1,101","1,075",505,548,508,420,577,548,[z],[z],[z],[z],[z]
E07000118,Chorley,Chorley,E07000118,E12000002,North West,England,,"1,569","1,145","1,130","1,303","1,363","1,404","1,608","1,450","1,292",830,726,843,869,"1,050","1,017","1,017","1,323","1,643","1,770","1,652","1,897","1,370","1,217",765,851,"1,450","1,524","1,115","1,015","1,050","1,107",772,835,850,"1,609","1,257","1,516","2,079","1,565"
E07000048,Christchurch,"Bournemouth, Christchurch and Poole",E06000058,E12000009,South West,England,,415,437,339,361,361,361,361,589,771,588,600,563,558,485,523,542,679,"1,261","2,155","1,944","2,503","2,570","2,450","1,635","1,635","2,120","2,365","2,229",208,251,331,425,430,[z],[z],[z],[z],[z],[z]
E09000001,City of London,City of London,E09000001,E12000007,London,England,,621,610,560,587,590,634,629,712,768,822,724,607,720,787,703,623,679,914,"1,204","1,427","1,344","1,440","1,291","1,223","1,219","1,147","1,312",476,693,771,853,656,780,782,903,899,907,"1,072",800
E07000071,Colchester,Colchester,E07000071,E12000006,East of England,England,,"2,659","3,163","3,679","3,721","2,373","1,708","1,564","1,393","1,469","1,533","1,846","2,179","3,237","2,150","2,091","1,914","1,588","2,012","2,027","2,502","2,789","3,754","2,755","3,196","4,864","4,877","3,884","3,422","3,442","4,162","4,220","4,392","3,298","2,796","3,016","2,122","1,824","1,831","1,730"
E07000014,Congleton,Cheshire East,E06000049,E12000002,North West,England,,"2,167","2,230","2,328","1,412","1,806","1,934","2,144","1,841","2,135","1,832","1,616","1,513","1,223","1,197","1,423",987,"1,009","1,092","1,285","1,168","1,262","1,344","1,221",[z],[z],[z],[z],[z],[z],[z],[z],[z],[z],[z],[z],[z],[z],[z],[z]
E07000029,Copeland,Cumberland,E06000063,E12000002,North West,England,,"1,546","1,697","1,141","1,462","1,393","1,585","1,559",868,"1,170","1,609","1,609","1,432","1,109","1,143","1,238","1,123",809,"1,089","1,745","2,035","1,935","1,894","2,546","3,677","1,357","1,822","2,625","3,218","3,504","1,473",791,"1,390","1,276","1,458","1,865","2,232","2,642",[z],[z]
E07000150,Corby,North Northamptonshire,E06000061,E12000004,East Midlands,England,,"3,318","4,494","3,751","3,686","3,535","3,506","3,887","4,229","3,861","1,224","1,846","2,272","2,979","2,033","1,713","1,974","2,239","2,379","3,404","2,432","2,782","2,241","2,273","2,443","1,962","2,603","2,603","1,137","1,440","1,455","1,197","1,192","1,566","1,637","1,700",[z],[z],[z],[z]
E06000052,Cornwall,Cornwall,E06000052,E12000009,South West,England,,[z],[z],[z],[z],[z],[z],[z],[z],[z],[z],[z],[z],[z],[z],[z],[z],[z],[z],[z],[z],[z],[z],[z],"7,715","18,371","24,329","28,336","26,914","27,729","30,020","18,758","18,126","10,947","11,866","15,448","23,181","23,132","25,625","23,731"
E07000079,Cotswold,Cotswold,E07000079,E12000009,South West,England,,"1,627","1,603","1,697","1,563","1,573","1,655","1,610","1,860","1,855","2,005","1,763","1,906","2,112","1,916","1,644","1,635","1,708","1,787","3,314","3,944","4,186","3,475","2,224","1,609","1,952","1,880","1,671","1,811","1,540","1,590","1,718","1,677","1,812","1,771","1,747","1,707","1,477","1,411","1,775"
E06000047,County Durham,County Durham,E06000047,E12000001,North East,England,,[z],[z],[z],[z],[z],[z],[z],[z],[z],[z],[z],[z],[z],[z],[z],[z],[z],[z],[z],[z],[z],[z],[z],"13,467","20,344","17,352","12,930","11,302","11,132","10,081","9,883","8,451","8,079","9,932","10,153","9,860","10,831","11,066","9,642"
E08000026,Coventry,Coventry,E08000026,E12000005,West Midlands,England,,"9,926","10,053","9,582","6,984","6,851","8,664","8,917","7,690","6,857","6,297","7,422","7,767","8,915","8,458","6,295","7,104","8,930","9,650","10,245","6,000","6,493","19,912","22,935","15,794","20,460","22,718","12,079","14,360","14,051","14,030","14,223","13,632","13,768","13,608","13,338","4,851","7,469","8,918","10,056"
E07000163,Craven,North Yorkshire,E06000065,E12000003,Yorkshire and The Humber,England,,"1,212","1,021","1,115","1,363","1,258","1,249",991,"1,091","1,088",953,937,485,573,443,700,570,740,593,645,739,838,973,840,819,885,"1,090","1,092",614,560,554,479,396,359,469,544,743,626,[z],[z]
E07000226,Crawley,Crawley,E07000226,E12000008,South East,England,,"2,246","2,611","3,160","3,473","3,097","2,664","2,854","2,404","2,438","1,540","1,511",882,465,633,"2,046","1,755","1,930","2,250","2,208","2,562","2,445","2,599","2,459","2,470","2,618","2,485","2,204","1,711","1,454","1,324","1,257","1,329","1,326","1,292","1,192","1,220","1,353","1,847","1,721"
E07000015,Crewe and Nantwich,Cheshire East,E06000049,E12000002,North West,England,,"1,498","1,445","1,572","1,428","1,560","1,551","1,929","1,535","1,786","1,224",643,"1,227","1,355","1,402","1,296","1,401","2,354","2,554","2,480","2,460","3,375","2,859","2,873",[z],[z],[z],[z],[z],[z],[z],[z],[z],[z],[z],[z],[z],[z],[z],[z]
E09000008,Croydon,Croydon,E09000008,E12000007,London,England,,"4,797","4,166","5,409","3,374","4,712","4,520","4,734","4,310","5,100","5,496","5,038","5,620","6,389","6,265","6,214","6,890","6,425","8,067","8,856","9,271","9,776","10,044","9,723","9,870","7,880","8,758","8,848","5,102","5,009","4,530","5,052","5,138","5,468","5,819","5,470","5,470","6,979","8,149","8,559"
E06000063,Cumberland,Cumberland,E06000063,E12000002,North West,England,,[z],[z],[z],[z],[z],[z],[z],[z],[z],[z],[z],[z],[z],[z],[z],[z],[z],[z],[z],[z],[z],[z],[z],[z],[z],[z],[z],[z],[z],[z],[z],[z],[z],[z],[z],[z],[z],"10,428","11,494"
E07000096,Dacorum,Dacorum,E07000096,E12000006,East of England,England,,"5,131","5,057","4,884","3,793","3,626","3,608","3,487","3,249","3,150","3,039","3,058","3,274","3,479","3,524","3,035","3,398","3,465","3,228","3,057","2,398","4,413","4,794","5,374","5,863","5,926","6,089","5,877","8,693","5,292","10,240","12,419","6,177","6,520","7,243","8,274","2,518","1,477","1,537","1,448"
E06000005,Darlington,Darlington,E06000005,E12000001,North East,England,,"2,255","2,539","2,536","2,631","2,575","2,650","3,666","3,340","2,952","3,350","2,542","2,790","2,959","2,087","2,127","1,886","2,666","2,601","2,853","2,848","2,677","2,476","2,465","3,037","1,893","2,068","1,797","1,632","1,601","1,618","1,540","1,577","1,579","1,645","1,415",620,"1,424","1,829","2,141"
E07000107,Dartford,Dartford,E07000107,E12000008,South East,England,,"1,836","1,947","1,969","1,862","1,780","1,775","1,793","1,762","1,615","1,596","1,603","1,565","1,575","1,557","1,794","2,042","1,997","2,582","2,652","3,728","3,502","3,225","2,699","3,413","3,782","3,356","2,807",666,850,963,"1,064","1,134",785,829,962,"1,029",984,"1,191","1,464"
E07000151,Daventry,West Northamptonshire,E06000062,E12000004,East Midlands,England,,"1,648","2,064","1,694",989,824,987,885,"1,057","1,086",832,739,984,943,"1,350","1,670","1,660",903,"1,255","2,425","1,744","1,919","1,948","1,986","2,012","2,058","2,051","2,046",688,809,881,864,"1,045","1,166","1,511","1,766",[z],[z],[z],[z]
E06000015,Derby,Derby,E06000015,E12000004,East Midlands,England,,"5,880","6,923","8,134","9,245","7,033","9,164","6,118","6,443","4,073","4,329","2,924","3,612","4,049","2,325","5,974","3,182","8,759","11,695","9,698","12,648","7,654","9,732","9,314","8,574","5,775","6,632","4,208","3,868","4,308","4,728","1,909","2,676","4,462","7,651","7,798","6,557","7,898","8,492","8,288"
E07000035,Derbyshire Dales,Derbyshire Dales,E07000035,E12000004,East Midlands,England,,"1,597","1,742","1,813","1,732","1,774","1,681","1,812","1,473","1,507","1,530","1,366","1,405","1,322","1,674","1,442","2,196","2,400","2,600","2,507","2,600","1,591","2,219","2,708","2,936","3,000","3,202","1,305","1,137","1,300","1,339",967,711,850,954,"1,000","1,100","1,035","1,111","1,186"
E07000055,Derwentside,County Durham,E06000047,E12000001,North East,England,,"6,576","7,431","8,333","9,872","8,645","5,179","4,297","4,354","4,096","3,757","3,674","3,211","2,248","2,249","2,227","2,269","2,652","2,920","2,965","3,010","3,323","3,842","4,269",[z],[z],[z],[z],[z],[z],[z],[z],[z],[z],[z],[z],[z],[z],[z],[z]
E08000017,Doncaster,Doncaster,E08000017,E12000003,Yorkshire and The Humber,England,,"11,673","11,976","14,347","16,591","18,151","18,537","18,785","16,983","16,591","15,913","15,042","14,413","13,413","13,697","7,957","6,544","10,763","9,227","11,937","16,760","10,751","15,973","13,487","12,024","10,660","11,521","12,600","8,182","8,683","8,737","9,521","10,143","9,560","7,232","8,104","8,917","7,049","7,673","8,929"
E06000059,Dorset,Dorset,E06000059,E12000009,South West,England,,[z],[z],[z],[z],[z],[z],[z],[z],[z],[z],[z],[z],[z],[z],[z],[z],[z],[z],[z],[z],[z],[z],[z],[z],[z],[z],[z],[z],[z],[z],[z],[z],[z],"5,536","5,853","3,100","4,430","5,406","6,783"
E07000108,Dover,Dover,E07000108,E12000008,South East,England,,"2,320","2,339","2,413","2,402","2,328","2,441","2,439","2,227","2,241","2,117","1,774","1,959","2,231","2,186","1,998","1,895","1,808","1,850","2,229","2,534","2,869","3,033","2,350","2,197","2,283","2,153","2,408","2,061","2,194","2,076","1,939","1,603","1,300","1,417","1,681","1,481","1,526","1,635","1,389"
E08000027,Dudley,Dudley,E08000027,E12000005,West Midlands,England,,"6,430","7,263","7,394","8,020","7,057","8,210","8,627","7,347","6,761","6,861","6,448","6,363","5,316","4,358","4,918","5,589","4,108","6,029","5,826","5,768","5,145","5,382","5,448","6,294","6,157","6,687","6,412","3,996","2,370","2,298","1,901","2,143","2,460","2,450","2,665","3,396","3,627","3,447","3,852"
E07000056,Durham,County Durham,E06000047,E12000001,North East,England,,"3,121","3,112","3,468","3,651","3,887","3,891","4,184","4,308","4,521","4,738","2,958","1,654","1,097","1,028","1,126","1,091","1,413","2,110","2,618","2,984","2,880","2,366","2,558",[z],[z],[z],[z],[z],[z],[z],[z],[z],[z],[z],[z],[z],[z],[z],[z]
E09000009,Ealing,Ealing,E09000009,E12000007,London,England,,"9,950","9,913","10,338","10,273","11,149","11,759","9,843","10,254","10,652","9,669","10,705","5,829","7,261","7,709","8,132","8,289","10,763","12,808","14,324","15,936","20,653","22,711","11,174","10,683","12,020","13,870","9,213","10,676","10,607","11,452","12,684","13,685","8,670","9,545","10,875","12,094","12,669","7,419","7,813"
E07000057,Easington,County Durham,E06000047,E12000001,North East,England,,"7,516","7,037","2,934","2,908","3,200","4,300","3,653","4,087","4,246","3,968","2,464","2,415","3,043","3,094","2,546","3,205","2,842","3,622","2,015","3,117","4,305","3,136","3,654",[z],[z],[z],[z],[z],[z],[z],[z],[z],[z],[z],[z],[z],[z],[z],[z]
E07000009,East Cambridgeshire,East Cambridgeshire,E07000009,E12000006,East of England,England,,860,836,887,888,663,569,558,877,"1,544","1,029","1,384",933,"1,042","1,258","1,245","1,400","1,538","1,737","1,477","1,442","1,479","1,603","1,404","1,226","1,512","1,478","1,586",968,899,936,"1,164","1,678",448,921,"1,002",935,"1,003",991,"1,248"
E07000040,East Devon,East Devon,E07000040,E12000009,South West,England,,"2,438","2,499","2,492","2,546","2,343","2,202","2,106","2,197","2,063","2,054","1,339","1,815","2,230","2,496","2,863","3,296","2,965","3,930","4,029","4,065","4,522","4,132","4,381","1,865","3,049","4,005","3,059","2,426","2,254","2,557","3,378","3,914","4,694","4,708","4,914","4,548","5,374","6,195","4,909"
E07000049,East Dorset,Dorset,E06000059,E12000009,South West,England,,"1,020","1,037","1,065","1,034",825,895,"1,303","1,424","1,862","1,473","1,454","1,193","1,537","1,392","1,869","1,581","1,805","1,790","1,717","1,895","2,060","2,241","2,365","2,169","2,169","2,937","3,128","2,986",294,373,444,516,476,[z],[z],[z],[z],[z],[z]
E07000085,East Hampshire,East Hampshire,E07000085,E12000008,South East,England,,"1,743","1,942","1,843","1,541","1,590","1,607","1,528","2,045","1,555","1,206","1,683","2,109","1,828","2,403","1,789","1,890","2,238","2,115","2,229","2,890","2,763","2,153","2,296","3,765","4,650","2,914","2,385","1,997","1,589","1,524","1,502","1,307","1,251","1,300","1,421","1,551","1,590","1,693","1,699"
E07000242,East Hertfordshire,East Hertfordshire,E07000242,E12000006,East of England,England,,"1,692","1,572","1,563","1,522","1,627","1,658","1,464","1,307","1,322","1,367","1,412","1,400","1,502","1,529","1,438","1,581","1,769","2,377","2,104","2,511","2,750","2,399","2,502","2,699","2,395","2,936","3,438","2,005","2,009","2,198","2,025","2,039","2,119","2,125","2,174","2,226","2,044","2,201","2,455"
E07000137,East Lindsey,East Lindsey,E07000137,E12000004,East Midlands,England,,"2,430","2,566","2,748","2,789","2,385","1,992","2,045","1,921","1,967","1,840","1,767","2,782","2,854","3,394","3,137","3,116","3,436","4,206","5,056","5,136","5,331","5,453","5,452","5,133","7,162","6,133","4,564","3,170","1,782","2,015","2,015","1,526","1,764","1,078","1,226","1,834","1,878","1,693","1,536"
E07000152,East Northamptonshire,North Northamptonshire,E06000061,E12000004,East Midlands,England,,"2,147","2,128","2,218","2,523","2,309","2,762","2,532","2,638","1,916","1,719","1,255",553,446,530,961,650,929,913,"1,195","1,286","1,083","1,319","1,527","1,434","1,084","1,190","1,386","1,559","1,307","1,150","1,151","1,163","1,207","1,080","1,322",[z],[z],[z],[z]
E06000011,East Riding of Yorkshire,East Riding of Yorkshire,E06000011,E12000003,Yorkshire and The Humber,England,,"7,832","6,509","7,939","8,697","9,515","7,626","7,088","7,337","7,185","4,497","5,992","5,648","8,780","4,766","5,089","4,797","5,748","6,927","7,589","8,417","10,315","9,975","9,014","8,613","9,978","8,839","10,584","5,021","5,998","6,133","6,686","6,337","6,250","6,556","5,927","7,256","4,881","5,238","5,453"
E07000193,East Staffordshire,East Staffordshire,E07000193,E12000005,West Midlands,England,,"1,839","1,711","2,323","3,090","2,954","2,724","4,492","1,125","1,854",743,785,412,489,520,663,"1,133","1,315",814,"1,360","2,067","2,067","2,465","2,492","2,208","1,850","2,961","2,195","2,075","1,804","1,943","2,026","1,915","2,484","2,166","3,735","6,386","6,200","6,935","9,766"
E07000244,East Suffolk,East Suffolk,E07000244,E12000006,East of England,England,,[z],[z],[z],[z],[z],[z],[z],[z],[z],[z],[z],[z],[z],[z],[z],[z],[z],[z],[z],[z],[z],[z],[z],[z],[z],[z],[z],[z],[z],[z],[z],[z],[z],"4,453","3,973","4,158","4,501","4,559","4,892"
E07000061,Eastbourne,Eastbourne,E07000061,E12000008,South East,England,,"1,642","1,740","1,722","1,607","1,698","1,599","1,599","1,625","1,911","2,853","2,117","1,766","1,753","2,184","2,596","2,041","2,806","3,000","3,354","4,481","5,225","3,404","4,409","2,216","2,573","3,889","4,650","3,367","2,790","1,834",808,808,866,"1,028","1,118","1,337",732,"1,054","1,107"
E07000086,Eastleigh,Eastleigh,E07000086,E12000008,South East,England,,"1,811","1,888","1,382","1,122","1,502","1,789","1,844","1,090",643,"1,409",967,"1,169","1,200","1,361","1,481","1,623","3,424","4,446","4,515","5,014","5,528","5,604","4,660","5,200","5,737","5,830","6,902","1,973","2,640","1,887","1,845","1,871","1,809","1,839","1,905","2,193","2,162","2,545","2,773"
E07000030,Eden,Westmorland and Furness,E06000064,E12000002,North West,England,,"1,178",719,"1,039","1,015","1,141","1,149","1,052",872,756,693,698,717,657,677,789,940,"1,125","1,530","1,662","1,043","1,040","1,045",814,930,"1,307",912,"1,002","1,068",981,914,984,"1,011","1,075","1,034","1,010","1,111",935,[z],[z]
E07000016,Ellesmere Port & Neston,Cheshire West and Chester,E06000050,E12000002,North West,England,,"4,763","3,622","4,182","4,740","4,978","4,387","4,512","4,699","4,396","4,230","3,429","1,823","1,971","1,941","1,958","1,303","1,025","1,618","1,823","1,297","3,517","2,842","2,929",[z],[z],[z],[z],[z],[z],[z],[z],[z],[z],[z],[z],[z],[z],[z],[z]
E07000207,Elmbridge,Elmbridge,E07000207,E12000008,South East,England,,"1,423","1,589","1,661","1,806","1,805","1,940","1,946","2,035","2,118","2,254","1,355","1,893","1,976","1,317","1,839","1,704","1,901","1,894","2,054","2,206","2,242","2,086","1,563","1,716","1,497","1,756","2,234","2,181","1,266","1,671","2,057","2,152","1,835","1,391","1,809","1,976","2,306","2,459","2,395"
E09000010,Enfield,Enfield,E09000010,E12000007,London,England,,"8,774","7,963","8,242","3,730","2,861","4,097","3,844","3,105","3,105","3,557","3,029","5,089","4,263","6,001","8,845","7,264","9,496","12,584","7,872","7,055","6,986","6,378","6,258","6,525","6,158","6,956","6,315","2,237","1,945","1,843","3,246","3,444","4,424","3,712","4,572","5,622","5,991","6,401","6,656"
E07000072,Epping Forest,Epping Forest,E07000072,E12000006,East of England,England,,"1,305","1,332","1,249","1,205","1,072",977,"1,110","1,211",946,"1,123","1,286","1,401","1,914","2,067","1,769","1,478","2,172","3,276","2,958","4,086","3,633","3,967","4,611","5,008","5,451","5,998","6,811","1,544","1,500","1,544","1,353","1,376","1,494","1,291","1,355","1,314",826,"1,054","1,241"
E07000208,Epsom and Ewell,Epsom and Ewell,E07000208,E12000008,South East,England,,827,602,463,396,407,419,460,460,720,664,710,494,537,526,427,462,525,659,382,677,962,"1,165","1,339","1,651","1,915","2,037","2,190","2,287","2,477","2,212",155,792,"1,157",919,"1,095","1,207","1,340","1,324","1,456"
E07000036,Erewash,Erewash,E07000036,E12000004,East Midlands,England,,"2,581","2,527","2,575","2,560","2,307","2,392","2,251","2,302","2,301","2,348","2,252","2,663","2,299","2,210","1,042","2,059","2,059","2,059",0,"1,633","2,482","2,386","1,112","2,043","2,670","2,730","2,080","2,320","2,203","2,604","1,599","1,687","1,929","1,932","2,174","2,229","1,937","1,877","2,461"
E07000041,Exeter,Exeter,E07000041,E12000009,South West,England,,"2,536","2,185","2,252","2,258","2,133","2,137","2,113","2,053","1,952","1,715","1,638","1,825","1,816","1,834","2,008","2,286","2,582","2,899","2,450","3,972","4,965","5,028","5,560","5,612","7,791","7,240","4,623","4,000","4,688","5,403","3,195","1,772","2,207","2,609","2,782","3,149","2,201","2,009","1,796"
E07000087,Fareham,Fareham,E07000087,E12000008,South East,England,,710,780,837,910,526,559,557,496,480,459,416,669,929,"1,184","1,152","1,146","1,625","2,353",735,"1,448","1,158","1,717","1,548","1,943","1,898","2,113","2,450","1,225","1,251","1,134","1,040","1,003","1,045","1,082","1,125",557,535,585,293
E07000010,Fenland,Fenland,E07000010,E12000006,East of England,England,,"1,465","1,648","1,610","1,505","1,461","1,458","1,340","1,299","1,146","1,302",978,"1,070","1,839","1,084","1,293","1,185","1,248","1,439","2,226","2,032","1,971","1,802","2,481","2,147","2,874","3,033","3,033","1,497","1,417","1,628","2,149","2,578","2,635","1,088","1,405","1,427","1,762","1,724","1,756"
E07000112,Folkestone and Hythe,Folkestone and Hythe,E07000112,E12000008,South East,England,,"1,546","1,699","1,956","2,035","1,801","1,918","1,801","1,829","2,510","2,408","2,518","2,577","2,595","2,759","2,144","3,027","2,539","1,886","2,311","2,652","2,213","2,118","2,095","2,603","3,038","3,375","3,101","2,857","2,592","1,768","1,454","1,028","1,209","1,150","1,170","1,394","1,686","1,312","1,156"
E07000201,Forest Heath,West Suffolk,E07000245,E12000006,East of England,England,,"1,023","1,080","1,084","1,030","1,003","1,023",956,881,945,950,976,"1,020","1,063","1,052",973,979,"1,063","1,113","1,221","1,505","1,507","1,230","1,346","1,001","1,346","1,424",699,"1,153",973,899,949,764,988,[z],[z],[z],[z],[z],[z]
E07000080,Forest of Dean,Forest of Dean,E07000080,E12000009,South West,England,,"1,542","1,430","1,538","1,780","1,777","1,677","1,582","1,399","1,395","1,703","1,371","1,242","1,106","1,245","1,202","1,220","1,396","2,164","2,042","2,150","1,981","1,935","2,021","1,751","2,261","2,461","2,198","2,412","2,632","1,928","2,106","1,966","2,543","2,268","2,325","2,130","1,641","1,638","1,686"
E07000119,Fylde,Fylde,E07000119,E12000002,North West,England,,"1,487","1,498","1,474","1,531","1,546","1,587","1,651","1,675","1,614","1,536","1,655","1,271","1,475","1,701","1,402","1,514","1,541","2,097","2,784","3,600","4,645","5,262","2,579","2,971","2,866","2,079","1,320","2,947","4,162","5,049","5,024","4,450","1,748",870,663,598,699,854,789
E08000037,Gateshead,Gateshead,E08000037,E12000001,North East,England,,"6,813","7,215","5,979","5,754","6,860","7,644","7,441","6,671","7,103","5,508","3,953","4,932","4,833","4,665","4,841","5,394","6,015","9,894","4,174","10,308","6,999","10,048","10,681","11,048","12,313","11,854","7,394","10,160","7,984","7,582","4,835","5,397","5,505","5,307","6,141","7,143","10,001","11,675","9,862"
E07000173,Gedling,Gedling,E07000173,E12000004,East Midlands,England,,"2,412","2,429","2,107","2,173","2,024","1,103",773,715,903,936,"1,138","1,265","1,541","1,583","1,802","1,282","2,403","3,910","4,849","5,218","3,251","4,074","1,800","1,497","1,084","2,220","2,216",956,"1,016","1,044",863,728,700,595,602,613,626,708,721
E07000081,Gloucester,Gloucester,E07000081,E12000009,South West,England,,"3,326","2,373","3,013","2,094","2,222","2,539","1,865","1,576","1,417","1,486","1,822","2,302","2,311","2,753","2,875","2,995","3,519","3,934","4,206","4,569","4,839","5,270","4,683","4,509","3,884","4,615","4,750","5,136","4,417","4,540","4,049","4,096","5,286","4,968","5,316","4,770","4,817","4,545","4,753"
E07000088,Gosport,Gosport,E07000088,E12000008,South East,England,,775,864,928,"1,078","1,353","1,192","1,104",880,786,761,722,"1,047","1,167","1,130","1,204","1,375","1,412","1,668","1,833","2,013","2,597","3,076","2,881","3,110","3,018","3,054","2,921","2,921",909,791,924,"1,060","1,143",854,701,611,611,561,553
E07000109,Gravesham,Gravesham,E07000109,E12000008,South East,England,,"1,743","1,860","1,853","1,856","1,933","2,018","1,936","1,942","1,816","2,018","2,348","1,983","1,847",906,"1,173","1,291","1,439","2,085","1,977","2,141","1,479","1,610","1,600","2,121","2,936","2,294","2,854","2,083","3,156","3,276","3,629","2,399","1,595","1,906","1,196","1,030",822,867,"1,023"
E07000145,Great Yarmouth,Great Yarmouth,E07000145,E12000006,East of England,England,,"1,927","2,301","2,180","2,120","2,300","1,905","1,887","1,851","1,775","1,572","1,288","1,572","1,915","2,379","2,957","3,247","2,462","2,898","5,035","5,468","5,915","5,328","6,089","6,293","5,490",655,464,381,309,219,242,258,444,769,754,497,"1,568",925,"1,050"
E09000011,Greenwich,Greenwich,E09000011,E12000007,London,England,,"9,610","7,054","7,627","8,623","9,112","9,626","9,979","10,201","5,841","6,445","7,693","8,619","5,454","5,473","5,869","6,876","7,753","6,710","7,666","10,239","12,178","13,486","7,902","7,066","6,972","11,656","12,490","11,375","11,468","11,562","12,826","13,618","15,386","16,982","19,132","20,479","22,405","23,622","25,377"
E07000209,Guildford,Guildford,E07000209,E12000008,South East,England,,"1,084","1,146","1,126","1,289","1,375","1,065","1,753","1,517","1,563","1,393","1,470","1,521","1,603","1,802","1,806","1,698","1,902","2,100","2,247","2,455","2,802","2,898","3,053","3,100","3,041","2,924","3,074","2,813","2,519","2,249","2,157","2,197","2,194","1,913","1,979","1,859","1,910","2,266","2,268"
E09000012,Hackney,Hackney,E09000012,E12000007,London,England,,"10,000","9,327","7,922","8,294","8,420","10,126","9,048","4,667","8,571","10,294","10,941","9,680","13,480","7,011","8,307","8,930","10,529","11,016","7,744","8,815","8,565","10,683","11,461","11,956","13,423","14,171","15,090","7,926","10,715","11,238","12,372","12,766","12,951","13,440","13,440","8,235","8,234","7,930","7,841"
E06000006,Halton,Halton,E06000006,E12000002,North West,England,,"4,476","4,594","5,130","4,233","5,243","6,713","5,709","3,695","4,457","5,143","2,573","1,021","1,152",990,"1,970","2,037","2,209","1,931","2,257","2,523","3,076","1,720","2,221","2,751","2,683","1,386","3,428","3,099","1,454","1,388","1,044","1,552","3,092","3,490","4,249","4,154","4,233","2,709","1,621"
E07000164,Hambleton,North Yorkshire,E06000065,E12000003,Yorkshire and The Humber,England,,"1,117","1,296","1,483","1,523","1,542","1,509","1,600","1,600","1,653","1,833","1,931","1,251",901,953,"1,167","1,259","1,446","1,205","1,596","1,162","1,352","1,360","1,338","1,183",973,"1,712","2,986",818,959,992,"1,191","1,224","1,000",978,"1,274","1,332","1,407",[z],[z]
E09000013,Hammersmith and Fulham,Hammersmith and Fulham,E09000013,E12000007,London,England,,"8,311","8,852","9,842","8,313","7,071","7,150","6,753","6,170","5,628","6,187","5,912","3,383","4,451","4,726","6,865","6,044","6,665","7,874","8,384","7,795","8,104","7,214","8,492","9,361","7,754","8,171",768,433,518,"1,402","1,577","1,644","1,893","1,929","1,957","1,719","1,623","1,880","2,079"
E07000131,Harborough,Harborough,E07000131,E12000004,East Midlands,England,,"1,118","1,127","1,188","1,334","1,280","1,285","1,370","1,079","1,568","1,214",825,953,"1,013","1,056",863,770,"1,172","1,038","1,254","1,355","1,571","1,636","2,096","1,882",846,"1,545","1,786",683,961,"1,069","1,127","1,053",714,455,482,596,723,695,675
E09000014,Haringey,Haringey,E09000014,E12000007,London,England,,"13,688","14,221","15,026","16,438","16,719","3,423","4,497","6,286","3,024","3,793","5,301","5,506","7,409","9,510","10,344","12,585","14,264","16,920","19,930","24,939","10,252","15,095","16,053","16,960","18,940","17,763","9,838","9,203","10,902","8,290","9,194","9,650","10,347","10,884","11,640","11,807","12,826","13,407","14,179"
E07000073,Harlow,Harlow,E07000073,E12000006,East of England,England,,"5,765","5,517","5,945","5,755","4,197","3,915","3,085","2,511","2,168","1,992","1,780","1,503","1,933","2,180","1,905","2,168","3,060","3,675","3,303","4,088","6,234","7,005","6,165","2,421","3,138","3,908","4,527","3,344","2,384","2,580","2,776","2,965","3,120","3,291","3,661","3,853","4,093","4,207","1,919"
E07000165,Harrogate,North Yorkshire,E06000065,E12000003,Yorkshire and The Humber,England,,"2,599","1,479","1,423","1,504","1,471","1,490","1,357","1,381","1,473","1,342","1,270","1,837","1,586","1,480","1,409","1,636","1,557","2,093","2,249","2,497","2,829","2,979","2,792","2,838","2,843","2,439","2,666","2,341","1,687","1,592","1,428","1,425","1,719","1,827","1,688","1,892","2,694",[z],[z]
E09000015,Harrow,Harrow,E09000015,E12000007,London,England,,"2,359","2,356","2,333","2,414","2,735","1,614","1,513","1,530","1,616","1,772","1,926","2,359","2,374","2,610","3,141","3,992","3,281","4,333","4,944","5,533","4,968","4,771","4,261","4,274","3,801","3,953","3,676",687,762,"1,050","1,637","1,883","2,012","1,915","2,013","2,061","2,163","2,427","2,122"
E07000089,Hart,Hart,E07000089,E12000008,South East,England,,"1,102","1,325","1,375",546,630,545,509,438,597,825,978,739,588,645,816,923,970,"1,074","1,163","1,344","1,267","1,882","1,401","1,664","2,019","1,819","1,865","2,017","1,347","1,221","1,292","1,367","1,459","1,263","1,468","1,584",907,"1,254","1,336"
E06000001,Hartlepool,Hartlepool,E06000001,E12000001,North East,England,,"2,811","3,046","3,365","3,996","5,441","5,161","5,736","5,238","5,148","2,723","3,219","1,941","2,376","2,374","2,026","2,998","3,033","7,310","3,222","2,920","2,968","3,696","3,794","2,385","2,824","2,180","2,563","2,615","3,034","3,369","2,845","2,505","3,485","2,558","2,744","2,744","1,662","2,637","2,650"
E07000062,Hastings,Hastings,E07000062,E12000008,South East,England,,"1,993","2,373","2,219","1,713","1,678","1,568","1,416","1,000","1,080","1,158","1,157","1,269","1,490","1,763","1,921","1,734","1,866","1,482","1,575","1,296","2,175","1,730","2,112","2,261","2,267","3,162","3,636",756,"1,026","1,142","1,340","1,578","1,645","1,548","1,338","1,143","1,472","1,594","1,721"
E07000090,Havant,Havant,E07000090,E12000008,South East,England,,946,"1,177","1,601","1,815","1,809","1,965","2,074","1,959","2,131","2,194","2,120","2,220","2,714","3,264","3,735","3,138","2,349","2,480","2,256","2,202","4,198","4,232","2,185","3,021","4,629","4,415","2,924","2,548","2,803","2,037","1,753","1,782","1,603","1,588","1,564","1,717","1,890","1,631","1,486"
E09000016,Havering,Havering,E09000016,E12000007,London,England,,"3,152","3,561","3,625","3,156","3,185","3,146","2,803","2,532","2,649","2,332","2,242","1,872","1,511","1,738","1,985","1,888","1,962","2,384","3,477","3,876","5,480","7,714","9,227","10,693","6,992","9,365","11,592","2,271","2,354","2,615","2,204","2,234","1,987","1,995","2,148","1,922","2,553","3,036","2,651"
E06000019,Herefordshire,Herefordshire,E06000019,E12000005,West Midlands,England,,"3,867","4,346","4,673","4,353","4,430","3,871","3,470","2,345","2,462","2,562","2,220","2,198","3,311","3,389","5,682","2,278","4,848","5,686","7,740","5,377","4,193","5,314","5,207","5,064","5,054","4,747","4,820","4,736",820,"1,114","1,444","1,270","1,093",697,872,"1,340","1,520","1,972",965
E07000098,Hertsmere,Hertsmere,E07000098,E12000006,East of England,England,,"1,554","1,523","1,719","1,528","1,551","1,338","1,314","1,314","1,323","1,997",38,512,657,581,395,422,650,892,959,897,"1,363","1,495","1,803","1,750","2,185","1,732","1,713",661,534,540,633,562,554,554,576,799,837,667,717
E07000037,High Peak,High Peak,E07000037,E12000004,East Midlands,England,,"2,079","2,083","2,133","2,318","2,281","2,386","2,333","2,157","2,082","2,075","1,826","2,174","2,132","2,193","2,577","1,794","1,703","2,259","2,710","3,235","1,878","2,981","3,759","4,638","4,890","5,171","3,630","3,589","3,784","3,832","1,835",973,"1,174","1,032",883,"1,250","1,246","1,331","1,520"
E09000017,Hillingdon,Hillingdon,E09000017,E12000007,London,England,,"3,664","4,079","3,827","3,585","4,931","4,529","4,554","2,872","2,712","3,387","3,395","4,113","7,655","3,656","5,810","6,041","5,507","6,910","7,471","7,136","8,045","8,175","6,797","6,004","6,650","9,948","10,879","3,606","3,567","2,314","1,826","1,687","1,738","2,229","2,738","3,109","3,451","3,896","2,551"
E07000132,Hinckley and Bosworth,Hinckley and Bosworth,E07000132,E12000004,East Midlands,England,,"1,083","1,216",944,"1,165","1,377","1,155","1,168","1,063",982,902,895,672,786,829,944,698,971,"1,458","1,643","1,662","1,793","1,167","1,082","1,155","1,002","1,515","1,972",825,953,"1,169",998,"1,095","1,108",369,717,895,946,"1,270","1,267"
E07000227,Horsham,Horsham,E07000227,E12000008,South East,England,,"1,502","1,923","2,078","1,749","1,591","1,393","1,038",876,775,786,664,688,710,908,"1,154","1,262","1,450","1,424","1,437","1,504","1,413","1,204","1,067","1,154","1,197","1,161",722,482,508,520,656,592,582,675,782,705,740,756,716
E09000018,Hounslow,Hounslow,E09000018,E12000007,London,England,,"8,185","6,490","5,665","6,677","6,404","4,591","5,763","6,224","6,407","6,232","6,564","6,837","5,188","5,017","4,983","6,369","5,952","7,088","10,382","11,666","9,922","11,334","10,088","12,212","12,212","12,284","9,640","6,842","8,504","3,130","3,376","2,157","1,833","1,930","3,338","5,036","7,899","3,892","4,375"
E07000011,Huntingdonshire,Huntingdonshire,E07000011,E12000006,East of England,England,,"2,497","2,402","2,754","2,469","2,560","2,692","2,518","2,342","2,225","2,231","2,159","2,182","1,791","2,498","3,416","2,724","2,910","2,772","2,887","2,425","2,139","2,178","3,267","3,477","3,983","2,798","1,467","2,212","2,190","2,718","3,079","3,616","3,004","1,974","2,458","2,565","2,649","2,651","3,041"
E07000120,Hyndburn,Hyndburn,E07000120,E12000002,North West,England,,"2,044","2,274","2,743","2,800","2,884","2,320","2,390","1,865","1,535","1,001","1,203",909,640,"1,096","1,243","1,193","1,455","2,392","3,251","3,430","2,643","2,831","2,088","2,842","4,001","3,024","2,090","1,937","1,903","1,558","1,666","1,432","1,634","1,611","1,611","1,218","1,967","1,975","2,002"
E07000202,Ipswich,Ipswich,E07000202,E12000006,East of England,England,,"3,714","4,234","4,705","4,702","4,361","3,958","2,164","2,010","2,160","2,849","3,494","3,716","2,764","3,011","3,103","3,432","2,652","3,544","3,546","3,848","4,861","3,519","3,416","6,040","4,704","4,713","3,450","3,000","3,163","3,026","3,062","2,899","2,894","2,629","3,100","2,670","2,907","2,824","2,468"
E06000046,Isle of Wight,Isle of Wight,E06000046,E12000008,South East,England,,"2,066","2,049","1,947","2,136",741,604,596,596,"1,426","1,357","1,654",467,"1,122","1,475","1,451","1,609","2,403","2,865","3,967","3,508","4,955","4,388","5,230","5,186","4,684","6,328","7,424","8,677","8,908","1,652","2,014","2,061","2,393","2,393","2,349","2,473","2,473","2,597","2,593"
E07000025,Isles of Scilly,Isles of Scilly,E06000053,E12000009,South West,England,,115,102,88,100,100,85,111,122,111,113,81,60,46,52,57,57,59,67,70,72,71,78,81,[z],[z],[z],[z],[z],[z],[z],[z],[z],[z],[z],[z],[z],[z],[z],[z]
E06000053,Isles of Scilly,Isles of Scilly,E06000053,E12000009,South West,England,,[z],[z],[z],[z],[z],[z],[z],[z],[z],[z],[z],[z],[z],[z],[z],[z],[z],[z],[z],[z],[z],[z],[z],87,79,84,89,79,77,57,56,58,58,63,54,60,55,75,81
E09000019,Islington,Islington,E09000019,E12000007,London,England,,"10,000","9,750","10,125","10,429","11,497","12,464","5,948","7,016","7,997","8,485","10,950","10,877","12,428","11,590","6,427","8,161","8,566","6,871","6,326","8,489","10,604","11,311","11,921","8,426","11,339","13,690","19,178","17,860","19,196","20,733","18,033","14,469","14,567","14,164","14,435","15,402","15,742","16,747","16,794"
E07000230,Kennet,Wiltshire,E06000054,E12000009,South West,England,,"1,873","1,970","2,035","1,910","1,625","1,793","1,734","1,642","1,579","1,555","1,474","1,003",923,"1,037","1,253","1,001","1,497","2,301","2,202","3,740","3,145","4,064","4,354",[z],[z],[z],[z],[z],[z],[z],[z],[z],[z],[z],[z],[z],[z],[z],[z]
E09000020,Kensington and Chelsea,Kensington and Chelsea,E09000020,E12000007,London,England,,"11,050","11,770","5,457","5,084","5,276","5,852","6,483","5,913","7,253","4,725","5,554","7,527","7,671","8,206","6,150","8,294","7,872","8,326","9,436","10,798","10,342","6,284","6,687","6,116","6,734","7,551","8,867","2,677","2,599","2,753","2,718","3,330","3,311","3,243","3,192","3,055","3,022","2,923","2,930"
E07000021,Kerrier,Cornwall,E06000052,E12000009,South West,England,,"1,030","1,080","1,207","1,120",865,867,852,700,607,790,875,"1,072",850,643,777,"1,498","1,905","1,744","1,992","1,990","2,147","1,765","1,951",[z],[z],[z],[z],[z],[z],[z],[z],[z],[z],[z],[z],[z],[z],[z],[z]
E07000153,Kettering,North Northamptonshire,E06000061,E12000004,East Midlands,England,,"1,711","1,731","2,120","2,300","2,311","2,268","2,376","2,734","2,435","2,400","2,189","2,292","2,394","2,275","2,442","2,989","2,505","2,767","2,794","2,939","3,753","3,123","2,220","3,668","1,378","2,377","2,765",333,445,525,670,606,741,750,918,[z],[z],[z],[z]
E07000146,King's Lynn and West Norfolk,King's Lynn and West Norfolk,E07000146,E12000006,East of England,England,,"2,910","2,563","2,811","1,469","1,649","1,566","1,214",811,626,587,593,"1,296","1,390","1,848","2,053","2,470","3,201","2,967","4,542","4,648","5,608","5,430","5,220","5,257","5,257","5,908","5,991","2,630","2,466","1,614","1,264",891,"1,146",985,"1,093","1,213","1,352","1,341","1,180"
E06000010,Kingston upon Hull,Kingston upon Hull,E06000010,E12000003,Yorkshire and The Humber,England,,"8,947","8,539","8,374","9,661","11,225","11,644","11,479","10,646","10,552","8,622","8,403","8,582","8,586","7,694","8,267","8,563","9,924","11,133","9,612","6,890","10,364","12,416","10,291","10,296","12,026","9,647","8,645","7,451","6,784","8,274","9,809","6,852","4,935","4,867","6,469","8,979","6,465","6,764","6,620"
E09000021,Kingston upon Thames,Kingston upon Thames,E09000021,E12000007,London,England,,"1,775","1,447","1,467","1,429","1,202","1,419","1,602","1,195","1,290","1,901","2,161","1,924","2,846","3,113","3,723","3,971","4,137","4,465","4,903","5,726","5,616","6,127","6,812","6,872","7,423","7,374","5,515","6,436","7,105","8,542","9,732","9,732","1,755","2,867","2,812","3,116","2,667","2,109","1,835"
E08000034,Kirklees,Kirklees,E08000034,E12000003,Yorkshire and The Humber,England,,"13,209","15,058","15,521","15,007","18,368","19,228","20,436","15,247","12,506","13,277","11,896","7,629","5,031","6,543","7,644","10,623","9,524","7,262","6,799","6,964","7,656","8,500","6,891","11,096","14,729","17,780","12,201","4,142","9,160","10,168","8,299","10,977","11,112","14,261","10,974","13,467","13,267","13,920","16,914"
E08000011,Knowsley,Knowsley,E08000011,E12000002,North West,England,,"3,999","3,444","2,884","2,401","3,043","3,849","4,202","4,333","4,011","4,185","4,636","4,651","2,794",901,"1,666","1,453","1,453","2,425","3,026","3,075","2,158","2,143","2,218","2,024","1,965","2,001","3,630","3,383","2,328","2,660","3,143","2,496","2,368","2,962","2,896","2,737","2,731","2,358","2,802"
E09000022,Lambeth,Lambeth,E09000022,E12000007,London,England,,"19,709","16,209","16,209","8,533","8,500","10,800","12,500","16,738","15,519","13,081","10,263","9,013","13,050","16,220","13,115","14,228","11,140","12,847","10,648","13,611","14,495","15,479","16,729","20,988","23,894","27,534","15,070","15,264","17,076","18,792","20,438","23,364","25,198","27,674","30,864","33,640","35,924","38,131","29,187"
E07000121,Lancaster,Lancaster,E07000121,E12000002,North West,England,,"2,215","3,067","1,639","1,864","1,505","1,489","1,414","1,174","1,323","1,326","1,443","1,346","1,237",906,993,"1,289","1,531","2,151","1,646","1,538","2,013","1,906","2,398","1,872","2,204",796,"1,927","2,641","2,361","1,598","1,847","1,753","1,817","1,517","1,736","2,063","2,369","3,028","1,251"
E08000035,Leeds,Leeds,E08000035,E12000003,Yorkshire and The Humber,England,,"22,207","18,663","18,573","19,666","23,026","23,972","23,604","22,192","21,463","20,491","19,643","18,854","27,013","22,767","25,318","26,641","31,105","30,959","30,699","23,851","24,780","24,444","24,314","22,802","21,881","21,252","20,334","18,269","18,118","18,031","18,465","17,198","18,942","21,964","19,838","20,131","20,283","21,202","21,583"
E06000016,Leicester,Leicester,E06000016,E12000004,East Midlands,England,,"10,079","9,953","12,380","10,940","10,723","8,227","10,735","10,604","10,237","12,915","9,603","12,391","15,078","16,304","15,335","9,935","9,960","9,491","11,482","8,654","10,451","6,925","6,655","6,617","7,519","7,707","8,459","9,442","8,114","9,574","9,703","4,442","4,699","5,395","5,357","5,149","5,101","5,687","5,398"
E07000063,Lewes,Lewes,E07000063,E12000008,South East,England,,"1,117","1,058","1,133","1,060","1,114","1,444",944,"1,274","1,432","1,150","1,299",642,818,818,872,809,927,"1,203","1,312","1,485","2,041","2,207","1,724","2,142","2,227","2,154","2,066","1,955","1,753","1,649","1,918","1,222",869,"1,053","1,090","1,131",524,641,600
E09000023,Lewisham,Lewisham,E09000023,E12000007,London,England,,"19,884","22,629","9,436","13,835","16,606","19,116","10,193","10,507","11,379","11,766","12,337","13,922","11,520","9,774","10,182","15,368","15,341","17,497","18,279","17,535","19,850","17,256","17,518","17,518","16,060","17,772","7,830","8,294","8,442","9,058","9,596","9,921","9,512","9,768","10,088","10,183","10,694","11,008","11,284"
E07000194,Lichfield,Lichfield,E07000194,E12000005,West Midlands,England,,849,"1,069","1,250","1,390","1,309","1,860","2,135","1,557","1,290","1,845","1,592","1,290","1,625","1,128","1,528","1,006","1,395","1,336","1,498","3,923","3,104","3,268","1,441","1,621","2,375","2,920","2,910","1,575","1,293","1,220","1,243","1,008","1,370","1,450","1,451",404,345,518,583
E07000138,Lincoln,Lincoln,E07000138,E12000004,East Midlands,England,,"2,297","2,136","2,399","2,734","1,919","2,203","2,202","3,501","2,295","2,802","3,241","3,340","1,060","1,813","1,728","1,915","7,922","5,468","3,910","3,467","2,272","3,102","3,559","3,629","3,305","2,748","2,695","2,779","2,798","2,372","1,280","1,242","1,060","1,046",815,"1,053","1,246","1,456","1,643"
E08000012,Liverpool,Liverpool,E08000012,E12000002,North West,England,,"8,054","8,398","6,498","10,927","13,723","16,341","13,046","9,359","6,916","5,225","4,321","4,295","4,430","6,249","4,696","5,276","7,012","6,376","11,366","12,924","8,911","12,866","17,564","21,238","13,977","13,336","14,989","13,166","14,357","15,008","16,526","17,873","20,212","19,616","15,648","13,534","14,932","12,764","14,520"
E06000032,Luton,Luton,E06000032,E12000006,East of England,England,,"4,044","3,924","4,212","4,442","4,564","4,731","3,724","3,765","3,753","3,717","4,365","4,760","5,622","4,329","4,810","6,000","7,048","8,768","3,358","3,815","5,171","6,813","6,369","3,180","4,900","5,132","6,736","6,616","8,951","9,703","10,453","13,150","13,077","13,215","12,077","8,800","8,716","11,426","10,828"
E07000017,Macclesfield,Cheshire East,E06000049,E12000002,North West,England,,"2,411","2,557","2,530","2,557","2,165","2,615","3,176","3,012","3,333","3,409","2,205","2,421","2,575","2,530","2,561","2,602","2,766","3,097","3,171","3,133","2,424","1,528","2,974",[z],[z],[z],[z],[z],[z],[z],[z],[z],[z],[z],[z],[z],[z],[z],[z]
E07000110,Maidstone,Maidstone,E07000110,E12000008,South East,England,,445,646,721,589,422,482,499,363,423,845,769,848,959,926,"1,756","1,512","2,173","1,254","2,562","1,764","2,079","2,290","2,863","3,222","3,442","3,674","3,151","1,288","1,460",785,719,618,776,851,840,891,"1,105","1,307","1,595"
E07000074,Maldon,Maldon,E07000074,E12000006,East of England,England,,952,982,989,"1,268","1,130","1,355",498,530,790,"1,185",827,459,511,720,350,490,741,"5,141",980,911,794,916,"1,234","1,342","1,490","1,670","1,422","1,214","1,294",900,753,936,807,853,"1,023","1,056","1,042","1,213",818
E07000235,Malvern Hills,Malvern Hills,E07000235,E12000005,West Midlands,England,,"1,702","1,624","1,554","1,614","1,126","1,341","1,374","1,169","1,180","1,441",565,"1,043","1,144",636,776,857,"1,263","1,475","1,291","1,282","1,129",971,"1,654","2,309","1,988","1,999",888,"1,280",957,"1,178","1,352","1,324","1,531","1,756",566,929,"1,294","1,161","1,220"
E08000003,Manchester,Manchester,E08000003,E12000002,North West,England,,"33,683","32,839","24,694","14,288","15,802","17,395","14,622","15,044","16,102","13,601","9,739","10,397","9,715","8,262","9,135","9,739","17,304","16,564","17,772","16,994","18,196","20,955","22,723","22,448","14,398","19,311","19,339","20,071","14,833","11,715","12,406","13,466","14,608","14,927","12,893","14,912","15,268","17,079","19,406"
E07000174,Mansfield,Mansfield,E07000174,E12000004,East Midlands,England,,"5,317","6,259","6,807","8,271","9,831","10,764","10,831","4,767","5,828","6,811","6,889","3,552",920,"1,224","2,432","5,567","1,552","9,862","9,784","5,626","7,575","7,836","6,871","8,142","9,581","4,402","6,302","7,544","6,840","5,670","5,324","6,304","7,602","7,911","6,899","6,391","6,107","4,924","5,011"
E06000035,Medway,Medway,E06000035,E12000008,South East,England,,"1,757","2,034","2,050","2,136","2,136","1,643","1,295","1,071","1,102","2,191","3,457","2,244","3,708","4,570","7,624","3,462","7,452","8,039","6,544","11,870","8,338","7,885","9,477","7,885","10,391","13,939","19,407","18,773","19,320","20,651","19,905","9,303","4,419","3,216","3,026","3,743","4,515","4,830","3,252"
E07000133,Melton,Melton,E07000133,E12000004,East Midlands,England,,841,770,926,858,"1,141","1,306","1,187","1,141","1,069","1,077","1,003","1,008","1,083",943,637,746,"1,246","1,318","1,208","1,208",492,690,959,"1,009",612,848,"1,059",459,654,658,776,858,"1,044","1,140",581,678,837,794,588
E07000187,Mendip,Somerset,E06000066,E12000009,South West,England,,"2,061","2,038","2,313","2,385","2,375","2,341","2,225","2,299","2,046","1,565","1,794","1,547","1,600","1,697","1,944","1,926","2,233","2,316","2,429","1,582","2,335","2,284","2,126","3,025","3,521","3,580","3,500","2,261","1,258","1,391","1,534","1,402","1,530","1,531","1,636","1,824","2,243",[z],[z]
E09000024,Merton,Merton,E09000024,E12000007,London,England,,"3,949","4,413","3,797","4,043","5,130","5,682","3,214","3,597","3,381","3,737","2,521","2,569","3,345","3,920","4,214","4,361","4,312","4,834","5,188","3,278","5,885","6,542","6,163","4,987","6,354","7,295","8,196","7,625","8,229","8,938","9,581","9,802","10,215","9,678","9,125","9,415","10,070","10,665","11,011"
E07000001,Mid Bedfordshire,Central Bedfordshire,E06000056,E12000006,East of England,England,,"1,077",976,818,"1,033","1,339","1,150","1,076","1,351","1,517","1,563","2,011","1,408","1,648","1,665","2,196","2,667","2,244","2,883","2,910","2,603","2,937","2,870","1,797",[z],[z],[z],[z],[z],[z],[z],[z],[z],[z],[z],[z],[z],[z],[z],[z]
E07000042,Mid Devon,Mid Devon,E07000042,E12000009,South West,England,,989,976,"1,050",779,983,"1,004","1,213",966,864,728,747,811,984,"1,024",964,959,982,"1,217","1,254","1,332","1,442","2,739","3,276","1,264","1,968","1,821","1,814","2,039","2,111","1,811","1,741","1,922","1,935","1,396","1,547","1,640","1,671","1,737","1,927"
E07000203,Mid Suffolk,Mid Suffolk,E07000203,E12000006,East of England,England,,"1,324","1,636","1,692","1,644","1,444","1,434","1,310","1,312","1,242","1,538","1,341","1,366","1,545","1,596","1,587","1,614","1,492","1,760","1,836","1,852","1,587","2,036","1,222","1,641","1,855","1,230","1,223",785,727,713,676,627,"1,365",638,587,577,625,795,928
E07000228,Mid Sussex,Mid Sussex,E07000228,E12000008,South East,England,,"1,468","1,710","1,781","1,429","1,417","1,415","1,309","1,340","1,407","1,474","1,526","1,588","1,418","1,494","1,407","1,468","1,476","2,027","2,121","2,113","2,176","2,313","2,513","2,856","3,165","4,170","4,856","5,281","1,759","1,420","1,243","1,273","1,164","1,562","1,811","1,993","2,020","2,097","2,333"
E06000002,Middlesbrough,Middlesbrough,E06000002,E12000001,North East,England,,"9,445","6,931","6,850","7,736","4,198","4,429","4,141","3,992","4,585","3,515","3,585","3,567","3,123","3,312","2,912","2,921","3,331","4,324","5,217","7,456","10,315","11,934","4,746","4,206","4,511","4,487","4,938","5,412","6,524","6,479","2,964","2,965","4,883","3,277","4,884","1,498","1,930","2,538","2,878"
E06000042,Milton Keynes,Milton Keynes,E06000042,E12000008,South East,England,,"2,070","1,434","2,455","1,771","1,469","2,600","1,743","2,894","2,524","2,134","2,533","1,995","2,835","1,733","3,173","2,482","3,490","2,951",416,468,561,690,916,924,931,941,951,952,961,971,991,"1,038","1,290","2,686","2,167","2,342","1,446",564,"1,372"
E07000210,Mole Valley,Mole Valley,E07000210,E12000008,South East,England,,"1,535","1,472","1,525","1,459","1,575","1,566","1,422","1,478","1,551","1,606","1,684","1,711","1,177","1,080","1,211","1,372","1,620","1,357","1,318","1,805","1,933","2,373","2,731","1,650","1,489","1,434","1,399","1,293",429,467,501,514,475,541,582,670,664,680,653
E07000091,New Forest,New Forest,E07000091,E12000008,South East,England,,"2,713","2,722","3,080","1,789",686,502,546,672,760,771,746,"1,455","1,383","1,672","1,615","2,686","2,428","3,339","3,891","4,241","4,969","5,228","5,176","5,272","5,294","5,359","5,088","4,281","4,021","3,813","3,144","3,062","3,112","1,007","1,283","1,442","1,649","1,876","2,034"
E07000175,Newark and Sherwood,Newark and Sherwood,E07000175,E12000004,East Midlands,England,,"2,936","3,221","3,916","3,523","4,167","3,656","3,875","4,228","4,469","4,935","4,042","2,940","2,807","3,075","2,978","2,456","2,728","2,913","3,500","5,062","6,392","8,046","9,602","5,337","4,920","5,367","4,621","3,713","3,577","3,367","2,133","2,252","2,864","3,625","4,181","4,414","4,817","2,187","2,422"
E08000021,Newcastle upon Tyne,Newcastle upon Tyne,E08000021,E12000001,North East,England,,"12,469","5,022","4,553","4,666","5,286","5,496","5,750","5,481","5,036","4,907","4,508","4,535","3,998","4,361","5,353","6,289","6,625","10,230","13,099","18,888","12,065","8,473","9,489","10,723","9,588","9,334","2,935","6,111","5,700","5,913","6,434","7,622","8,774","7,476","5,710","6,149","12,072","9,350","8,451"
E07000195,Newcastle-under-Lyme,Newcastle-under-Lyme,E07000195,E12000005,West Midlands,England,,"2,286","2,563","2,087","3,436","2,814","3,056","3,029","2,429","2,412","2,232","1,148","1,818","1,831","2,008","1,347","2,540","2,423","2,448","2,875","1,303","2,493","2,818","2,771","1,894","2,138","2,444","1,880","1,880","1,772","1,129","1,185","1,122","1,258","1,384","1,269","1,238","1,775","2,433","2,257"
E09000025,Newham,Newham,E09000025,E12000007,London,England,,"7,967","9,511","9,834","12,140","14,287","17,074","18,860","8,766","7,260","8,975","10,281","9,412","9,537","9,901","11,426","13,942","16,228","19,503","25,317","29,574","24,159","28,579","28,649","31,851","32,045","30,975","24,179","15,582","16,757","17,453","25,729","26,139","27,635","28,020","31,887","33,246","35,625","38,417","41,223"
E07000022,North Cornwall,Cornwall,E06000052,E12000009,South West,England,,"1,319","1,547","1,506","1,705","1,478","1,134","1,456","1,126","1,045","1,338","1,339","1,473","1,528","1,462","1,500","1,608","1,805","2,261","2,795","2,965","2,928","2,609","2,849",[z],[z],[z],[z],[z],[z],[z],[z],[z],[z],[z],[z],[z],[z],[z],[z]
E07000043,North Devon,North Devon,E07000043,E12000009,South West,England,,"1,576","1,677","1,975","2,242","2,477","1,050","1,766","2,231","1,647","1,995","1,604","1,835","1,992","1,385","2,059","1,617","2,186","2,625","2,970","3,562","4,340","2,221","2,526","2,774","3,493","2,866","2,732","1,895","2,565","3,035","3,604","2,634","1,956","2,389","2,311","2,257","2,244","2,041","2,213"
E07000050,North Dorset,Dorset,E06000059,E12000009,South West,England,,710,680,688,704,708,684,603,668,854,926,"1,049",896,"1,082","1,045","1,361","1,559","1,657","1,729","2,098","1,859","1,301","1,332","1,051","1,120","1,240","1,242","1,159","1,362",635,695,785,906,961,[z],[z],[z],[z],[z],[z]
E07000038,North East Derbyshire,North East Derbyshire,E07000038,E12000004,East Midlands,England,,"3,063","3,959","3,477","3,855","4,580","5,258","5,258","3,749","3,639","2,661","3,048","2,867","3,703","3,163","2,317","2,205","1,975","2,533","2,514","2,501","2,730","2,921","1,986","1,765","2,527","2,203","2,061","1,673","1,425","1,536","1,691","2,155","2,072","2,443","2,360","2,185","2,457","2,286","1,667"
E06000012,North East Lincolnshire,North East Lincolnshire,E06000012,E12000003,Yorkshire and The Humber,England,,"4,775","5,219","4,628","4,460","4,579","4,459","4,033","4,035","4,256","2,815","5,545","4,279","4,480","3,130","2,851","3,155","3,735","3,067","3,948","4,181","4,338","3,773","3,769","4,193","4,338","7,501","7,408","9,902","4,955","3,557","3,596","3,635","3,458","3,128","3,982","4,087","4,553","6,061","7,398"
E07000099,North Hertfordshire,North Hertfordshire,E07000099,E12000006,East of England,England,,"3,752","3,242","3,480","3,532","3,270","2,670","3,794","2,256","2,027",983,"1,998","1,985","1,955","1,806","1,183",875,"1,106",953,852,"1,220","1,923","1,848","1,939","2,378","2,487","2,980","3,124","1,612","1,983","2,161","1,668","1,945","2,191","2,427","2,766","2,584","2,259","2,449","2,191"
E07000139,North Kesteven,North Kesteven,E07000139,E12000004,East Midlands,England,,"2,117","2,426","2,618","2,574","2,557","2,705","2,688","2,500","2,400","2,357","2,348","1,887","1,675","1,913","2,206","2,427","2,288","2,459","1,955","2,518","2,301","2,193","1,583","1,378","1,352","1,384","1,356","1,374","1,611","1,463","1,013",890,"1,671","1,946","2,060","2,578","2,497","2,736","2,307"
E06000013,North Lincolnshire,North Lincolnshire,E06000013,E12000003,Yorkshire and The Humber,England,,"3,708","3,914","4,263","4,331","4,146","4,354","4,226","4,153","3,555","3,659","3,682","4,385","4,350","4,363","4,330","3,692","4,439","4,213","4,129","2,948","4,063","3,796","4,101","4,390","5,035","7,637","8,988","9,223","4,499","3,325","3,463","3,410","3,244","3,210","4,189","4,304","4,803","6,062","7,195"
E07000147,North Norfolk,North Norfolk,E07000147,E12000006,East of England,England,,"1,584","1,742","1,656","1,177",807,734,576,619,711,819,583,777,860,"1,001","1,476","1,623","1,941","2,483","2,454","2,595","3,275","3,697","2,670","2,194","3,300","3,803","4,791","2,195","2,131","2,238","2,479","2,636","3,194","2,846","2,901","2,560","2,494","2,459","2,199"
E06000061,North Northamptonshire,North Northamptonshire,E06000061,E12000004,East Midlands,England,,[z],[z],[z],[z],[z],[z],[z],[z],[z],[z],[z],[z],[z],[z],[z],[z],[z],[z],[z],[z],[z],[z],[z],[z],[z],[z],[z],[z],[z],[z],[z],[z],[z],[z],[z],"2,205","4,002","6,279","6,726"
E07000183,North Shropshire,Shropshire,E06000051,E12000005,West Midlands,England,,925,960,"1,365","1,248",916,951,650,"1,097",578,461,418,420,451,519,390,848,675,817,803,"1,025",874,"1,286","1,153",[z],[z],[z],[z],[z],[z],[z],[z],[z],[z],[z],[z],[z],[z],[z],[z]
E06000024,North Somerset,North Somerset,E06000024,E12000009,South West,England,,"4,770","4,417","3,668","1,931","2,420","2,901","2,111","2,895","3,522","3,833","3,391","3,827","3,696","2,623","4,000","2,880","2,957","3,728","3,952","4,472","4,896","5,796","5,318","6,661","7,939","7,515","7,059","3,937","3,407","3,637","3,347","3,443","3,418","3,625","2,306","2,516","2,458","2,602","2,499"
E08000022,North Tyneside,North Tyneside,E08000022,E12000001,North East,England,,"8,250","4,785","4,581","4,747","4,964","4,917","4,242","4,000","3,627","3,734","4,069","3,988","4,064","3,274","2,477","2,860","3,350","4,028","4,325","5,644","5,996","5,513","5,783","2,935","4,184","4,727","3,493","3,516","3,378","3,330","3,447","3,529","2,959","2,505","2,302","2,606","2,169","3,005","3,934"
E07000218,North Warwickshire,North Warwickshire,E07000218,E12000005,West Midlands,England,,"1,150","1,116","1,113","1,245","1,370","1,374","1,017","1,034","1,306","1,336","1,020",802,"1,095","1,045",770,800,"1,351","1,853","1,777","1,866","1,716","1,354","1,426","1,702","1,594","1,616","1,539",262,334,357,364,315,362,362,330,288,341,352,341
E07000134,North West Leicestershire,North West Leicestershire,E07000134,E12000004,East Midlands,England,,987,"1,193","1,847","2,071","2,285","2,296","1,768","1,840","1,727","1,782","1,817","1,829","1,829",832,930,"1,124","1,422","1,778","2,424","1,856","2,554","1,120",581,723,690,809,"1,059",528,588,685,440,545,610,947,"1,103","1,141",810,"1,158",822
E07000231,North Wiltshire,Wiltshire,E06000054,E12000009,South West,England,,"2,238","1,867","2,040","2,009","1,626","1,551","1,602","1,660","1,331","1,187","1,368","1,640","2,195","2,335","1,852","2,091","1,569","1,884","1,940","2,167","2,215","2,355","2,907",[z],[z],[z],[z],[z],[z],[z],[z],[z],[z],[z],[z],[z],[z],[z],[z]
E06000065,North Yorkshire,North Yorkshire,E06000065,E12000003,Yorkshire and The Humber,England,,[z],[z],[z],[z],[z],[z],[z],[z],[z],[z],[z],[z],[z],[z],[z],[z],[z],[z],[z],[z],[z],[z],[z],[z],[z],[z],[z],[z],[z],[z],[z],[z],[z],[z],[z],[z],[z],"9,476","9,530"
E07000154,Northampton,West Northamptonshire,E06000062,E12000004,East Midlands,England,,"3,978","3,114","5,636","7,331","8,271","2,780","3,704","3,195","2,896","2,758","3,409","3,141","4,078","4,493","5,067","4,356","5,042","5,899","6,681","5,355","4,833","5,849","3,705","7,610","7,618","7,601","3,034","2,093","2,929","4,100","2,968","2,753","3,186","3,235","2,942",[z],[z],[z],[z]
E06000057,Northumberland,Northumberland,E06000057,E12000001,North East,England,,[z],[z],[z],[z],[z],[z],[z],[z],[z],[z],[z],[z],[z],[z],[z],[z],[z],[z],[z],[z],[z],[z],[z],"8,859","11,651","10,912","9,608","7,744","8,814","8,367","8,977","9,196","8,561","8,967","8,759","10,839","12,434","13,117","10,921"
E07000148,Norwich,Norwich,E07000148,E12000006,East of England,England,,"4,735","5,046","4,970","4,415","3,786","3,751","3,543","3,197","3,602","3,458","2,948","2,890","2,909","3,097","3,606","4,945","5,153","5,273","5,582","5,601","5,256","6,999","8,038","9,169","6,919","6,410","4,139","4,221","4,017","4,234","4,053","4,024","3,759","3,520","3,436","3,906","4,293","3,679","3,211"
E06000018,Nottingham,Nottingham,E06000018,E12000004,East Midlands,England,,"9,179","8,941","8,180","8,829","9,375","10,225","10,378","12,671","13,183","13,817","12,608","11,521","12,128","12,250","12,502","13,267","10,552","12,756","11,329","13,201","14,159","15,668","9,398","9,734","9,616","12,067","9,211","3,329","3,834","4,624","5,188","5,501","7,593","8,540","7,862","8,207","9,420","10,391","11,228"
E07000219,Nuneaton and Bedworth,Nuneaton and Bedworth,E07000219,E12000005,West Midlands,England,,"1,208","1,202","1,393","1,524","1,200","1,029",999,"1,031","1,140",865,755,598,688,829,"1,417","1,630","1,386","1,890","2,181","3,170","3,090","2,985","2,760","2,094","2,094","4,633","5,719","1,751","2,481","1,126","1,567",460,"1,643","1,235","1,908","2,655","3,178","3,764","3,626"
E07000135,Oadby and Wigston,Oadby and Wigston,E07000135,E12000004,East Midlands,England,,605,627,609,442,440,930,467,619,618,610,628,753,675,668,643,750,802,891,"1,174","1,316","1,604","1,083","1,115",879,715,"1,500","1,310",309,318,481,433,253,355,460,581,691,850,"1,013","1,207"
E08000004,Oldham,Oldham,E08000004,E12000002,North West,England,,"3,140","4,309","4,026","3,663","3,726","4,655","4,554","4,695","4,555","4,365","3,529","4,218","3,581","3,448","2,067","3,556","4,048","4,587","5,327","7,520","8,501","8,634","6,555","6,414","6,345","8,033","10,874","13,185","9,795","13,580","16,274","21,055","25,357","5,421","5,931","6,942","7,349","8,164","7,885"
E07000184,Oswestry,Shropshire,E06000051,E12000005,West Midlands,England,,"1,054",995,"1,473",932,935,"1,067",917,696,671,685,619,473,480,490,536,507,712,550,"1,103","1,066","1,054",920,844,[z],[z],[z],[z],[z],[z],[z],[z],[z],[z],[z],[z],[z],[z],[z],[z]
E07000178,Oxford,Oxford,E07000178,E12000008,South East,England,,"3,774","4,662","4,543","4,562","4,245","4,576","4,183","3,422","3,620","3,940","2,991","2,866","3,099","3,121","3,378","3,217","3,572","3,991","3,525","3,816","3,965","3,313","3,792","4,239","4,602","5,067","4,017","2,735","2,240","2,414","2,116","1,620","1,421","1,634","1,760","1,816","1,852","1,954","2,243"
E07000122,Pendle,Pendle,E07000122,E12000002,North West,England,,"1,708","1,481","1,598","1,507","2,597","2,901","2,147","1,638","1,324","1,325","1,508","1,731","1,820","1,264","1,021","1,358","1,151","1,631","1,593","1,572","2,256","2,745","2,324","1,673","2,637","2,479","1,622","1,982","1,838","1,708","1,355","1,478","1,582","1,576","1,590","1,420","2,418","2,095","1,912"
E07000023,Penwith,Cornwall,E06000052,E12000009,South West,England,,857,785,983,794,651,737,711,740,804,969,"1,055","1,216","1,062","1,304","1,028","1,125","1,359","1,379","1,081","2,161","2,223","1,903","2,105",[z],[z],[z],[z],[z],[z],[z],[z],[z],[z],[z],[z],[z],[z],[z],[z]
E06000031,Peterborough,Peterborough,E06000031,E12000006,East of England,England,,"3,701","4,380","4,998","3,638","3,442","3,766","3,718","3,679","3,376","3,011","2,634","2,921","3,129","3,347","3,072","2,648","2,113","4,853","6,044","6,287","6,635","8,549","9,685","6,203","7,650","9,014","9,758","2,663","2,790","3,359","3,119","2,755","3,501","3,646","5,484","5,825","2,486","2,859","2,829"
E06000026,Plymouth,Plymouth,E06000026,E12000009,South West,England,,"5,360","5,268","5,179","5,357","5,499","5,834","6,071","5,883","6,370","6,749","7,695","8,663","4,507","6,222","2,553","7,528","8,235","9,069","6,046","7,423","6,557","6,344","5,862","9,153","12,065","9,182","10,263","10,449","11,818","12,037","7,873","9,719","12,623","7,819","8,062","10,437","11,301","7,011","7,768"
E06000029,Poole,"Bournemouth, Christchurch and Poole",E06000058,E12000009,South West,England,,"1,279","1,378","1,580","1,886","1,739","2,543","2,218","2,268","2,636","2,857","2,614","2,204","2,381","2,311","2,474","2,632","2,624","3,087","5,246","6,058","3,855","3,950","3,698","3,908","4,103","1,475","4,100","5,516",946,"1,011",950,930,"1,129",[z],[z],[z],[z],[z],[z]
E06000044,Portsmouth,Portsmouth,E06000044,E12000008,South East,England,,"3,247","3,327","3,192","3,175","3,053","4,089","3,828","3,524","3,604","3,952","4,504","4,264","4,759","4,389","4,838","4,810","5,525","8,960","7,965","6,661","6,751","4,562","3,320","2,684","2,597","1,841","1,763",849,960,878,848,"1,023","1,373","1,065","1,052",887,"1,124","1,158","1,504"
E07000123,Preston,Preston,E07000123,E12000002,North West,England,,"2,329","2,239","1,663","3,069","2,796","2,839","2,510","2,345","2,529","2,448","2,233","2,109","1,913","1,479","1,299","1,495","1,502","1,848","2,819","3,187","3,281","2,518","4,749","2,458","2,715","3,257","3,394","2,361","2,964","2,834","2,776","2,776","2,813","2,857","2,910","3,233","3,727","3,875","4,034"
E07000051,Purbeck,Dorset,E06000059,E12000009,South West,England,,897,950,"1,085","1,024",903,826,855,885,858,778,571,681,729,723,784,744,654,820,859,790,"1,094","1,192","1,333","1,552","1,804",788,"1,894","2,241",514,513,513,407,386,[z],[z],[z],[z],[z],[z]
E06000038,Reading,Reading,E06000038,E12000008,South East,England,,"3,254","2,684","2,486","2,455","2,813","2,521","3,641","4,651","1,983","2,561","4,210","4,612","3,343","3,827","4,348","3,160","3,231","3,428","4,330","5,162","5,242","4,504","4,834","5,993","7,852","9,285","9,754","9,671","10,273","5,088","4,538","4,710","2,873","2,846","2,825","3,187","3,764","2,780","3,682"
E09000026,Redbridge,Redbridge,E09000026,E12000007,London,England,,"2,369","1,869","1,500","1,696","1,540","1,916","1,109","1,337","1,591","1,903","2,107","2,466","2,956","3,555","5,426","5,671","4,952","4,766","7,941","10,807","11,402","13,188","13,969","12,644","9,861","11,290","13,338","7,804","7,779","7,901","8,335","5,408","5,434","5,979","7,582","6,990","7,517","7,871","7,992"
E06000003,Redcar and Cleveland,Redcar and Cleveland,E06000003,E12000001,North East,England,,"6,918","4,116","4,081","3,549","5,223","6,593","6,570","6,159","6,335","6,087","6,043","3,651","3,204","2,777","2,639","2,645","2,939","2,424","3,250","3,145","2,715","2,862","2,572","2,723","2,260","2,780","2,868","2,108","2,199","1,831","1,984","1,990","2,504","2,961","2,926","2,926","2,555","3,351","2,267"
E07000236,Redditch,Redditch,E07000236,E12000005,West Midlands,England,,"1,632","2,056","2,715","2,950","2,015","1,757","1,780","1,755","1,478","1,881","1,379","1,571","1,676","1,631","1,718","1,564","1,553","1,348","1,524","1,766","2,021","1,512","2,006","2,204","3,367","2,798","1,765","1,736","1,716","1,402","1,372","1,334","1,585","1,366","1,894","1,752",870,"1,028","1,095"
E07000211,Reigate and Banstead,Reigate and Banstead,E07000211,E12000008,South East,England,,"2,145","1,729","1,639","1,741","1,468","1,549","1,560","1,527","1,025","1,197",856,"1,232","1,155","1,164","1,136","1,062","1,173","1,391","1,751","2,073","2,563","2,540","2,629","2,891","2,758","2,169","1,836",642,569,876,951,563,630,884,884,"1,153","1,224","1,074","1,062"
E07000024,Restormel,Cornwall,E06000052,E12000009,South West,England,,"1,666","1,701","1,772","1,926","2,405","2,626","2,415","2,698","1,955","1,277","1,627","1,583","1,580","1,455","1,970","2,731","4,120","4,769","4,702","4,807","5,119","5,359","5,829",[z],[z],[z],[z],[z],[z],[z],[z],[z],[z],[z],[z],[z],[z],[z],[z]
E07000124,Ribble Valley,Ribble Valley,E07000124,E12000002,North West,England,,"1,183","1,435",707,958,981,948,909,915,875,887,669,784,776,761,808,745,811,815,823,891,856,982,840,739,735,995,918,"1,107",957,956,956,956,"1,032",863,964,905,795,847,795
E09000027,Richmond upon Thames,Richmond upon Thames,E09000027,E12000007,London,England,,"4,093","3,953","3,808","3,894","3,876","3,823","3,336","3,297","2,750","3,071","2,684","3,741","4,667","4,992","3,383","3,763","3,861","4,868","4,898","5,726","4,576","5,549","6,858","7,331","4,807","5,587","4,415","4,008","4,101","4,908","3,068","3,944","4,336","4,467","4,893","5,174","5,385","5,327","2,880"
E07000166,Richmondshire,North Yorkshire,E06000065,E12000003,Yorkshire and The Humber,England,,"1,172",981,987,"1,073","1,084","1,291","1,075","1,072","1,019",403,706,631,692,545,456,563,806,911,"1,556","1,380","1,313","1,540","1,462","1,389","1,670","1,133","1,076",662,703,484,440,345,461,461,461,513,"1,114",[z],[z]
E08000005,Rochdale,Rochdale,E08000005,E12000002,North West,England,,"12,387","14,097","11,442","9,359","10,182","8,624","6,170","5,150","4,380","5,018","4,648","5,425","3,582","2,861","2,850","3,078","6,225","7,231","5,438","6,552","4,810","4,819","3,753","3,631","5,017","3,793","5,355","4,241","5,717","6,374","6,129","6,085","6,818","6,818","7,868","7,801","8,889","9,151","7,892"
E07000075,Rochford,Rochford,E07000075,E12000006,East of England,England,,"1,056","1,043",918,781,833,894,905,842,749,787,661,977,873,"1,047",659,906,582,681,631,899,353,442,405,564,"1,040","1,228","1,431",621,704,704,825,638,751,774,988,935,996,"1,098",751
E07000125,Rossendale,Rossendale,E07000125,E12000002,North West,England,,"1,614","1,765","2,102","1,881","2,301","2,622","2,937","2,937","1,630","2,188","1,515","1,394","1,715","1,714","1,644","1,572","1,726","1,684","2,737","2,947","2,518","2,253","2,191","1,844","2,735","3,271","1,713","1,937","1,543","1,543","1,295","1,426","1,451","1,559","1,692","1,318","2,127","1,784","1,643"
E07000064,Rother,Rother,E07000064,E12000008,South East,England,,"1,439","1,289","1,295","1,168","1,110","1,105","1,055",985,"1,009",950,943,"1,011","1,176","1,138","1,383","1,539","1,825","2,387","2,037","1,398","1,362","1,542","1,689","1,933","1,793","1,973","1,568","1,351","1,150","1,146","1,105","1,371","1,640","1,697","1,825","1,916","2,159","1,562","1,396"
E08000018,Rotherham,Rotherham,E08000018,E12000003,Yorkshire and The Humber,England,,"13,260","10,815","13,767","16,388","19,426","22,054","21,266","21,610","20,158","5,104","11,700","16,242","16,849","17,215","13,463","21,636","19,747","11,297","13,903","15,881","18,551","20,826","14,481","21,347","25,601","27,103","26,158","14,760","5,371","6,135","6,404","6,674","6,825","5,941","7,245","6,606","6,583","7,188","7,033"
E07000220,Rugby,Rugby,E07000220,E12000005,West Midlands,England,,"1,900","2,044","2,048","2,048","1,643","1,897","1,746","1,564",918,898,"1,207","1,324",923,981,999,957,"1,082","1,010","1,176","1,436","1,900","1,721","2,042","1,595","2,702","1,649","1,628",734,701,721,881,"1,092","1,062",394,448,646,646,272,465
E07000212,Runnymede,Runnymede,E07000212,E12000008,South East,England,,"1,607","1,672","1,234","1,123",864,852,898,898,897,782,806,572,694,725,427,383,945,"1,582","1,715",851,"1,493","1,984","2,105","2,657","2,496","2,861","3,267",703,"1,053","1,220",788,937,"1,125",985,"1,157","1,220","1,207","1,152","1,122"
E07000176,Rushcliffe,Rushcliffe,E07000176,E12000004,East Midlands,England,,"2,928","2,722","3,160","3,127","2,897","2,854","2,986","2,868","2,743","2,580","2,655","2,426","2,576","1,456","1,623","1,812","1,634","1,575","1,534","1,442","1,535","1,451","1,231",947,573,"1,275",840,589,533,472,472,557,480,502,608,629,632,513,637
E07000092,Rushmoor,Rushmoor,E07000092,E12000008,South East,England,,"1,498","1,512","1,340","1,567","1,368",883,905,832,"1,025","1,085","1,290","1,290","2,221","3,616","3,514","4,101","2,189","3,264","4,151","3,634","5,693","3,102","2,532","2,547","2,390","1,302","1,271","1,343","1,201","1,406","1,307","1,204","1,438","1,496","1,558","1,427","1,666","2,048","1,874"
E06000017,Rutland,Rutland,E06000017,E12000004,East Midlands,England,,663,626,783,707,752,769,845,601,550,513,528,362,420,361,451,444,485,593,586,546,768,836,432,232,365,401,223,228,271,334,281,297,355,311,446,297,384,489,566
E07000167,Ryedale,North Yorkshire,E06000065,E12000003,Yorkshire and The Humber,England,,806,898,656,901,901,901,826,570,995,"1,417",882,656,656,761,857,962,"1,065","1,504","1,245","1,029","1,030",844,940,"1,252","1,067","1,560","1,105",896,777,792,634,619,564,618,889,"1,052",888,[z],[z]
E08000006,Salford,Salford,E08000006,E12000002,North West,England,,"8,632","9,879","4,612","6,734","5,158","6,733","4,686","6,841","6,492","5,673","5,655","4,428","3,452","3,204","6,351","3,668","8,026","8,644","11,216","12,074","9,269","12,621","12,661","14,492","16,476","12,222","10,251","11,498","12,432","9,863","6,826","5,867","6,094","5,857","5,158","5,851","3,956","5,294","4,565"
E07000232,Salisbury,Wiltshire,E06000054,E12000009,South West,England,,"2,948","3,286","3,319","3,103","2,900","2,109","2,460","2,331","2,226","2,151","2,111","2,302","2,322","2,257","2,303","2,379","2,587","2,853","3,004","2,968","2,874","2,547","2,182",[z],[z],[z],[z],[z],[z],[z],[z],[z],[z],[z],[z],[z],[z],[z],[z]
E08000028,Sandwell,Sandwell,E08000028,E12000005,West Midlands,England,,"11,935","11,176","11,549","13,769","11,641","13,299","14,780","8,537","9,664","10,835","11,499","11,515","12,331","14,090","14,572","14,797","16,853","18,588","19,655","15,366","13,191","8,847","11,767","8,887","8,682","9,761","9,190","7,570","3,681","2,919","2,952","2,946","2,935","3,712","6,288","7,384","9,214","15,004","19,108"
E07000168,Scarborough,North Yorkshire,E06000065,E12000003,Yorkshire and The Humber,England,,"2,333","3,113","3,735","2,573","3,116","3,638","4,019","3,199","1,809","2,103","1,930","2,460","3,035","1,538","1,567","1,569","2,314","3,201","3,565","4,382","4,217","2,473","2,355","2,569","3,212","4,138","4,148","2,033","2,100","2,250","1,873","2,169","1,748","1,676","1,973","2,196","2,196",[z],[z]
E07000058,Sedgefield,County Durham,E06000047,E12000001,North East,England,,"1,087","1,774","1,355","1,678","1,958","1,812","1,189","1,134","1,226","1,226","1,468",717,626,620,776,690,841,"1,819","2,364","2,941","2,128","2,142","1,884",[z],[z],[z],[z],[z],[z],[z],[z],[z],[z],[z],[z],[z],[z],[z],[z]
E07000188,Sedgemoor,Somerset,E06000066,E12000009,South West,England,,"1,397","1,509","1,516","1,315","1,411","1,570","1,671","1,571","1,567","1,366","1,529","1,419","1,367","1,308","1,206","1,863","2,679","3,495","3,556","2,835","3,140","2,859","2,905","4,260","4,752","4,706","4,807","3,830","3,505","2,511","1,940","2,036","2,018","2,433","2,731","2,227","2,801",[z],[z]
E08000014,Sefton,Sefton,E08000014,E12000002,North West,England,,"7,386","6,695","6,830","7,631","6,019","7,639","8,116","7,239","6,161","5,776","5,220","4,890","4,810","4,693","4,605","4,520","7,867","9,846","11,637","12,694","11,650","13,444","15,132","16,645","9,029","7,224","8,283","8,772","3,640","3,178","3,720","4,759","5,693","5,290","5,290","3,339","3,310","3,630","3,382"
E07000169,Selby,North Yorkshire,E06000065,E12000003,Yorkshire and The Humber,England,,"1,458","1,310","1,302","1,947","2,014","2,322","2,089","2,382","2,658","1,460","1,714","1,111","1,132","1,185",970,"1,102","1,248","1,503","1,443","1,788","1,927","1,944","1,495","1,555","1,811","1,660","1,053",919,517,673,725,630,580,531,629,633,646,[z],[z]
E07000111,Sevenoaks,Sevenoaks,E07000111,E12000008,South East,England,,"1,551","1,869","1,800","1,777","1,583","1,370","1,210","1,195","1,152",781,"1,175","1,387","1,444","1,377","1,534","1,475","1,613","1,736","2,160","2,625","1,132",916,"1,005","1,144","1,485","1,818","2,022",551,715,633,803,755,484,655,838,754,677,973,"1,016"
E08000019,Sheffield,Sheffield,E08000039,E12000003,Yorkshire and The Humber,England,,"35,558","30,604","16,938","35,131","41,900","44,865","38,022","42,086","42,562","45,673","49,170","54,389","49,609","54,636","48,518","49,911","58,651","60,930","72,604","80,385","87,773","92,515","97,818","97,374","93,532","68,446","61,204","20,123","26,728","29,444","28,852","25,356","23,881","23,909","21,615","10,909","13,662","17,685","19,467"
E07000185,Shrewsbury and Atcham,Shropshire,E06000051,E12000005,West Midlands,England,,"4,021","4,871","4,115","3,487","4,023","4,440","5,072","4,007","3,630","3,201","3,216","1,606","1,550","1,652","1,528","1,335","2,429","1,841","2,279","2,120","1,516","1,237","1,363",[z],[z],[z],[z],[z],[z],[z],[z],[z],[z],[z],[z],[z],[z],[z],[z]
E06000051,Shropshire,Shropshire,E06000051,E12000005,West Midlands,England,,[z],[z],[z],[z],[z],[z],[z],[z],[z],[z],[z],[z],[z],[z],[z],[z],[z],[z],[z],[z],[z],[z],[z],"8,047","10,798","7,499","6,486","2,783","6,882","6,436","5,370","5,324","5,099","5,599","5,865","6,069","6,259","7,211","7,332"
E06000039,Slough,Slough,E06000039,E12000008,South East,England,,"2,298","3,211","3,977","3,181","2,646","2,552","1,827","1,619","1,615","1,676","1,630","1,699","1,739","1,931","2,225","2,097","1,945","2,437","3,190","3,759","3,909","3,780","4,446","5,876","6,138","7,090","7,166","3,753","1,780","2,045","2,312","2,531","2,119","1,811","2,005","1,638","1,376","2,153","2,309"
E08000029,Solihull,Solihull,E08000029,E12000005,West Midlands,England,,"1,406","1,551","2,113","2,361","2,517","1,667","1,535","1,404","1,255","1,169","1,008","1,261",902,"1,041","1,137","1,357","1,943","3,111","3,402","4,488","3,670","5,785","8,875","11,745","13,310","15,467","16,440","18,526","8,268","7,008","8,229","7,822","7,150","2,629","2,828","2,980","2,829","3,539","3,293"
E06000066,Somerset,Somerset,E06000066,E12000009,South West,England,,[z],[z],[z],[z],[z],[z],[z],[z],[z],[z],[z],[z],[z],[z],[z],[z],[z],[z],[z],[z],[z],[z],[z],[z],[z],[z],[z],[z],[z],[z],[z],[z],[z],[z],[z],[z],[z],"9,884","12,473"
E07000246,Somerset West and Taunton,Somerset,E06000066,E12000009,South West,England,,[z],[z],[z],[z],[z],[z],[z],[z],[z],[z],[z],[z],[z],[z],[z],[z],[z],[z],[z],[z],[z],[z],[z],[z],[z],[z],[z],[z],[z],[z],[z],[z],[z],"4,155","3,342","3,172","3,859",[z],[z]
E07000003,South Bedfordshire,Central Bedfordshire,E06000056,E12000006,East of England,England,,"1,570","2,013","2,377","2,026","1,860","2,277","2,244","2,093","2,142","2,470","2,323","2,282","2,649","2,614","3,310","2,555","2,145","2,585","2,333","2,303","2,036","1,931","1,422",[z],[z],[z],[z],[z],[z],[z],[z],[z],[z],[z],[z],[z],[z],[z],[z]
E07000006,South Bucks,Buckinghamshire,E06000060,E12000008,South East,England,,995,"1,352","1,529","1,593","1,548","1,067","1,396","1,320","1,196","1,099","1,085","1,052","1,064","1,030","1,115","1,102","1,120","1,161",917,"1,641","1,787","1,701","1,520","1,359",822,821,798,886,360,401,436,391,438,369,[z],[z],[z],[z],[z]
E07000012,South Cambridgeshire,South Cambridgeshire,E07000012,E12000006,East of England,England,,"1,915","2,135","2,468","2,679","2,710","2,730","2,816","2,750","3,106","2,993","2,403","2,401","2,293","2,870","1,500","1,733","2,207","2,553","3,538","4,155","4,661","3,626","3,800","4,054","4,369","3,898","1,291","1,659","1,519","1,563","2,152","2,269","1,315","1,130","1,763","1,762","1,918","2,054","1,956"
E07000039,South Derbyshire,South Derbyshire,E07000039,E12000004,East Midlands,England,,"1,100","1,153","1,263","1,215","1,277","1,689","1,462",863,828,917,"1,021",933,849,929,890,691,681,747,728,"1,085","1,180","1,410","1,078","1,429","1,735","1,557","1,993","1,927","1,154","1,060",834,644,751,816,853,563,590,792,805
E06000025,South Gloucestershire,South Gloucestershire,E06000025,E12000009,South West,England,,"3,314","4,135","4,293","3,483","3,481","3,851","3,490","3,990","3,786","4,667","6,810","6,000","3,538","4,523","5,530","3,513","5,205","4,961","4,050","4,606","3,836","4,874","5,344","7,046","7,495","9,888","7,003","6,436","5,509","5,558","4,735","3,909","3,804","4,024","4,059","4,309","4,228","5,166","7,360"
E07000044,South Hams,South Hams,E07000044,E12000009,South West,England,,"1,214","1,282","1,478","1,545","1,522","1,633","1,996","1,620","1,502","1,556",827,920,983,892,795,"1,029","1,558","1,797","1,910","1,511","1,646","1,575","1,701","1,001","1,959","2,288","1,909","1,943","2,251","1,684","1,893","1,356","1,478","1,295","1,347","1,795","1,478","1,613","1,490"
E07000140,South Holland,South Holland,E07000140,E12000004,East Midlands,England,,"1,479","1,825","2,019","2,040","2,404","2,566","1,427","1,619","1,660","1,596","1,570","1,539","1,641","1,598","1,650","1,696","1,657","1,918","2,360","1,862","1,432","1,918","2,082","2,129","2,308","2,393","2,292","1,675",401,303,320,468,350,350,447,417,533,780,820
E07000141,South Kesteven,South Kesteven,E07000141,E12000004,East Midlands,England,,"5,483","6,584","6,634","4,240","5,485","4,424","5,143","5,884","6,500","3,222","2,985","4,601","4,685","4,552","4,249","4,493","4,611","5,469","6,509","2,661","5,156","4,500","4,260","2,994","3,440","3,696","2,869","2,726","2,914","2,999","3,203","2,995","1,422","1,619","1,376","1,179","1,318",931,"1,183"
E07000031,South Lakeland,Westmorland and Furness,E06000064,E12000002,North West,England,,"1,551","1,554","1,582","1,688","1,521","1,534","1,427","1,685","1,795","1,625","1,567","1,524","1,405","1,693","1,552","1,956","2,275","2,751","3,240","3,255","3,578","3,383","3,325","3,316","2,887","2,710","3,200","3,470","2,596","2,974","3,015","3,225","3,453","4,028","4,539","2,884","3,379",[z],[z]
E07000149,South Norfolk,South Norfolk,E07000149,E12000006,East of England,England,,"1,671","1,400","1,443","1,738","1,809","1,247","1,186","1,348","1,433","1,336","1,356","1,540","1,524","2,223","2,089","1,890","2,153","2,379","2,685","2,967","3,117","2,945","4,003","4,832","4,188","3,360",670,584,798,741,588,504,657,734,687,761,868,906,788
E07000155,South Northamptonshire,West Northamptonshire,E06000062,E12000004,East Midlands,England,,825,822,756,591,606,681,485,595,569,354,569,501,563,923,937,"1,298","1,508","1,275","1,633","1,749","1,935","1,642","1,689","1,743","1,868","1,801",238,232,251,306,337,455,186,200,134,[z],[z],[z],[z]
E07000179,South Oxfordshire,South Oxfordshire,E07000179,E12000008,South East,England,,"2,360","2,475","2,418","2,700","2,055","1,409","1,442",378,374,430,493,"1,566","1,488","1,836","2,244","2,354","2,270","2,169","2,043","2,253","1,719","1,770","2,517","2,821","2,194","3,014","3,609","3,609","3,963","4,184","2,769","2,417","2,421","2,181","2,779","2,819","2,975","3,436","3,449"
E07000126,South Ribble,South Ribble,E07000126,E12000002,North West,England,,"2,191","2,206","2,408","3,034","2,932","2,375","2,372","2,372","2,443","2,079",967,"1,102",961,"1,045",911,604,"1,169",692,"1,334","1,474","1,863",293,803,"1,543","1,644","1,959","1,380",808,"1,220","1,267","1,292",886,983,"1,135","1,324","1,567","1,714","2,197","2,011"
E07000186,South Shropshire,Shropshire,E06000051,E12000005,West Midlands,England,,543,576,803,693,740,713,700,947,979,"1,116","1,132",903,958,"1,063","1,265","1,220","1,307","1,551","1,751","1,883","1,742","1,924","2,141",[z],[z],[z],[z],[z],[z],[z],[z],[z],[z],[z],[z],[z],[z],[z],[z]
E07000189,South Somerset,Somerset,E06000066,E12000009,South West,England,,"3,183","4,099","2,400","3,751","3,411","4,195","4,783","4,696","3,248","2,225","2,416","2,420","2,400","2,404","2,357","2,447","2,762","3,367","5,531","5,729","6,444","7,075","4,090","4,155","5,790","5,211","4,150","3,097","1,975","2,006","2,063","1,873","1,971","2,090","1,900","2,317","3,000",[z],[z]
E07000196,South Staffordshire,South Staffordshire,E07000196,E12000005,West Midlands,England,,"2,259","2,004","2,506","2,585","2,505","2,990","2,989","2,116","2,545","2,446","2,536","3,814","1,865","3,207","3,793","1,700","1,887","1,184","1,679","2,312","1,052","1,686","2,134","1,738","1,044","1,890",301,541,725,634,653,614,745,621,667,"1,029",936,920,873
E08000023,South Tyneside,South Tyneside,E08000023,E12000001,North East,England,,"7,619","8,054","8,295","8,834","9,197","9,741","10,277","10,832","9,434","8,726","9,676","10,849","12,097","12,245","8,681","10,203","10,798","12,325","8,649","8,377","13,386","15,856","9,578","14,631","15,691","13,101","4,679","4,989","5,517","4,047","1,940","1,659","1,820","2,324","1,917","3,146","9,749","3,835","3,882"
E06000045,Southampton,Southampton,E06000045,E12000008,South East,England,,"8,543","6,763","6,501","5,860","6,058","5,915","5,721","5,704","4,504","6,233","2,329","3,902","3,699","4,522","5,148","5,811","6,697","8,128","9,225","11,126","10,117","11,662","15,529","16,042","16,258","12,257","10,072","13,287","11,573","7,001","8,296","8,351","9,556","8,069","5,250","7,386","7,666","8,977","9,668"
E06000033,Southend-on-Sea,Southend-on-Sea,E06000033,E12000006,East of England,England,,"1,777","1,827","1,423","1,169",900,883,"1,188",794,631,640,770,"1,025","1,070","1,264","1,604","1,814","2,272","2,981","3,756","3,496","3,463","3,463","4,094","5,735","4,287","5,313","5,676","1,520","1,528","1,356","1,668",972,"1,041","1,102","1,123",560,"1,072","1,129","1,359"
E09000028,Southwark,Southwark,E09000028,E12000007,London,England,,"16,852","11,309","14,144","13,449","11,231","11,086","11,931","7,980","5,990","6,662","3,749","3,510","4,645","5,543","7,191","6,164","6,757","6,657","7,548","8,057","8,987","8,604","9,804","10,769","12,570","14,112","14,713","13,436","7,832","7,096","6,665","6,778","6,772","8,088","10,013","11,304","11,893","12,333","13,351"
E07000213,Spelthorne,Spelthorne,E07000213,E12000008,South East,England,,"1,488","1,529","1,600","1,550","1,309","1,337","1,318","1,203","1,545","1,976","1,854","2,066","2,284","2,538","2,571","2,681","2,767","2,865","3,314","2,983","3,552","4,494","3,113","1,548","1,546","1,933","2,184","1,922","1,224","1,598","1,869","2,179","1,242","2,099","2,802","3,378","3,798","2,048","2,584"
E07000240,St Albans,St Albans,E07000240,E12000006,East of England,England,,"2,701","2,360","2,023","2,028","1,880","1,982","1,734","1,741","1,779","1,696","1,777","1,758","1,603","1,727","1,858","1,936","1,764","1,682","1,515","1,647","1,736","1,521","1,596","1,803","2,256","2,189",677,930,923,782,372,395,651,444,538,559,376,378,330
E07000204,St Edmundsbury,West Suffolk,E07000245,E12000006,East of England,England,,"2,583","2,059","3,419","2,932","2,760","2,809","2,818","3,677","3,165","2,809","2,741","1,785","1,801","2,612","2,122","2,230","2,813","3,104","4,118","4,673","4,433","5,088","5,094","1,858","1,966","2,131",998,"1,660","1,599","1,427","1,557","1,492","1,862",[z],[z],[z],[z],[z],[z]
E08000013,St. Helens,St. Helens,E08000013,E12000002,North West,England,,"4,789","4,116","5,086","3,558","3,251","2,870","2,812","2,818","2,287","2,070","2,194","2,009","2,160","2,235","1,961","2,688","2,591","3,854","3,679","2,172","4,066","4,907","5,343","5,378","3,464","3,850","4,552","3,138","1,496","1,915","3,753","1,280","5,089","6,444","7,225","8,999","6,015","8,056","8,946"
E07000197,Stafford,Stafford,E07000197,E12000005,West Midlands,England,,"2,458","2,449","2,348","1,662","1,974","2,050","1,872","1,745","1,689","1,552","1,794","1,953","1,569","1,470","1,648","2,142","1,681","2,281","2,167","1,913","1,688","1,440","2,246","3,212","2,850","1,512","1,415","1,448","1,487","1,513","1,222",64,83,269,179,73,105,150,100
E07000198,Staffordshire Moorlands,Staffordshire Moorlands,E07000198,E12000005,West Midlands,England,,"1,275","1,366","1,350","1,437","1,193","1,218","1,172","1,012",868,753,616,563,474,444,456,971,515,637,"1,596","1,500","2,127",433,"1,206","1,423","4,261","2,354","2,434","1,448","1,149",921,"1,101",681,656,559,680,746,741,812,"1,017"
E07000243,Stevenage,Stevenage,E07000243,E12000006,East of England,England,,"6,023","6,145","5,984","5,802","5,449","5,505","5,263","5,182","4,095","3,709","3,857","3,328","3,249","2,675","2,057","2,283","2,658","2,820","3,078","3,907","4,099","4,939","3,807","4,689","5,124","5,518","5,857","3,411","1,612","2,069","1,862","2,121","1,970","2,092","1,952","2,834","3,221","3,762","1,311"
E08000007,Stockport,Stockport,E08000007,E12000002,North West,England,,"5,612","6,028","6,149","6,132","7,212","7,661","7,349","6,875","6,357","6,421","5,999","6,805","6,841","7,054","7,151","6,889","9,102","4,692","6,683","6,821","7,046","9,328","8,559","7,626","6,961","6,484","5,962","6,439","5,206","5,598","5,770","5,822","5,730","6,780","6,308","5,353","6,333","6,353","8,208"
E06000004,Stockton-on-Tees,Stockton-on-Tees,E06000004,E12000001,North East,England,,"6,798","4,267","4,141","4,511","7,552","7,982","5,051","6,417","6,507","8,977","6,100","8,719","6,014","5,312","4,395","3,962","3,892","3,736","3,485","3,559","3,185","4,139","3,123","3,431","3,836","4,175","3,430","3,329","4,427","3,438","3,597","4,307","5,282","3,537","4,650","1,439","1,921","2,571","2,961"
E06000021,Stoke-on-Trent,Stoke-on-Trent,E06000021,E12000005,West Midlands,England,,"4,538","4,580","6,402","8,735","8,732","7,808","3,996","4,301","3,255","3,165","2,589","2,464","2,681","3,583","2,885","1,791","2,274","3,078","4,572","6,059","5,565","5,491","5,555","5,779","6,533","2,366","2,784","1,363","1,047","2,513","2,477","2,497","2,621","2,195","1,264","1,419","1,457","2,015","2,215"
E07000221,Stratford-on-Avon,Stratford-on-Avon,E07000221,E12000005,West Midlands,England,,"2,038","2,108","2,298","2,215","2,241","2,201","2,160","2,106","2,091","2,015","1,843","1,309","1,049","1,286","1,554","1,741","2,724","2,625","2,981","3,292","2,979","2,910","2,553","4,227","4,127","5,258","2,942","4,169","4,730","2,545","3,178","3,777","4,555","4,985","5,216","5,740","6,059","6,031","5,538"
E07000082,Stroud,Stroud,E07000082,E12000009,South West,England,,"1,620","1,801","2,000","1,911","1,789","2,195","1,659","1,534","1,400","1,435","1,400","1,134","1,296","1,220","1,248","1,417","1,441","1,627","1,931","2,109","1,926","2,581","2,559","1,966","2,605","2,703","3,154","3,436","3,872","3,444","2,698","3,001","3,639","2,811","2,825","2,976","3,210","3,564","2,717"
E07000205,Suffolk Coastal,East Suffolk,E07000244,E12000006,East of England,England,,"1,797","1,836","2,445","2,119","1,338","1,338","1,463","2,029",689,843,929,697,955,"1,391","1,523","1,287","1,204","1,400","1,569","1,258",933,841,643,"1,057","1,613","2,553","2,818","2,917","2,961","1,754","1,797","1,751","4,321",[z],[z],[z],[z],[z],[z]
E08000024,Sunderland,Sunderland,E08000024,E12000001,North East,England,,"3,032","3,500","4,722","7,069","9,915","11,292","6,608","7,321","6,571","5,585","5,117","2,003","3,743","4,476","5,156","5,764","22,323","25,827","16,222","1,511","1,799","2,180","2,184","2,141","2,819","3,949","2,285","2,285","1,588","1,623","2,390","2,305","1,712","2,101","1,483","1,483","9,237","3,209","3,622"
E07000214,Surrey Heath,Surrey Heath,E07000214,E12000008,South East,England,,650,659,716,633,633,693,796,796,"1,170","1,046",676,345,436,525,529,528,536,681,"1,174","1,512","1,583","1,757","1,805","2,038","1,244","1,379",959,750,695,610,610,427,463,559,336,365,365,432,499
E09000029,Sutton,Sutton,E09000029,E12000007,London,England,,"1,476","1,469","1,572","1,709","1,314","1,294","1,691","1,601","1,659","1,921","2,346","1,925","1,963","2,154","2,432","1,653","1,662","2,145","3,724","3,408","4,121","4,091","4,174","4,116","4,323","5,493",979,"1,496","1,319","1,162","1,375","1,587","1,591","1,999","2,472","2,601","2,674","2,443","2,870"
E07000113,Swale,Swale,E07000113,E12000008,South East,England,,"1,686","1,978","2,001","2,368","3,496","2,971","2,456","1,869","1,747","2,144","1,378","1,966","2,106","2,461","2,215","2,070","2,545","3,328","3,805","4,311","3,352","4,432","4,166","3,395","3,386","3,307","3,640","3,652",827,"1,119","1,085","1,102","1,407","1,313","1,213","1,397","1,433","1,730","1,816"
E06000030,Swindon,Swindon,E06000030,E12000009,South West,England,,"4,296","4,840","5,016","4,755","4,264","4,839","5,625","6,287","5,368","3,625","3,242","3,620","3,493","3,682","3,557","4,314","5,715","5,478","6,127","6,944","7,971","9,923","10,440","12,035","13,218","14,729","15,668","8,272","2,740","2,767","3,943","1,989","3,103","4,519","4,420","6,631","6,553","4,530","3,270"
E08000008,Tameside,Tameside,E08000008,E12000002,North West,England,,"6,476","6,262","5,932","6,615","7,174","7,632","7,468","6,792","5,988","5,770","4,950","5,139","4,287","5,618","6,031","4,912","7,289","6,352","5,899","7,169",44,"8,441","8,610","7,839","8,786","6,229","6,168","6,168","2,848","3,363","3,425","4,081","3,423",574,592,639,854,"1,005","1,215"
E07000199,Tamworth,Tamworth,E07000199,E12000005,West Midlands,England,,"1,792","2,006","2,197","2,338","2,657","3,061","3,022","3,247","3,266","2,630","2,513","2,510","2,435","2,475","2,187","2,379","2,412","2,772","2,772","1,520","2,015","2,842","1,912","1,935","2,186","2,104","1,783","1,727","1,625","1,598","1,500","1,372","1,511","1,415",451,513,401,434,532
E07000215,Tandridge,Tandridge,E07000215,E12000008,South East,England,,"1,327","1,301","1,292","1,022",925,831,806,587,624,622,689,655,"1,077",806,816,825,836,"1,122","1,272","1,107","1,220","1,350","1,554","1,511","1,663","1,726","1,998","1,884","1,776","1,707","1,323","1,399","1,424","1,734","1,718","1,788","1,910","1,835","1,956"
E07000190,Taunton Deane,Somerset,E06000066,E12000009,South West,England,,"1,462","1,470","1,717","1,738","1,615","1,612","1,429","1,649","1,539","1,487","1,209","1,756","1,703","1,776","1,368","1,383","1,582","1,848","2,111","2,211","2,590","3,351","3,477","4,898","5,248","3,783","3,633","3,310","2,956","1,949","2,129","2,101","2,842",[z],[z],[z],[z],[z],[z]
E07000059,Teesdale,County Durham,E06000047,E12000001,North East,England,,483,595,561,689,545,725,471,499,437,377,478,413,303,350,343,367,377,387,298,708,441,579,485,[z],[z],[z],[z],[z],[z],[z],[z],[z],[z],[z],[z],[z],[z],[z],[z]
E07000045,Teignbridge,Teignbridge,E07000045,E12000009,South West,England,,"1,528","1,611","1,694","1,702","1,636","1,648","1,612","1,626","1,702","1,793","1,887","2,004","2,031","1,857","2,189","2,476","2,573","2,744","3,399","4,199","2,481","3,334","3,653","2,430","3,390","4,062","4,606","3,147","1,772","1,969",947,998,"1,038",928,998,"1,033","1,132","1,538","1,512"
E06000020,Telford and Wrekin,Telford and Wrekin,E06000020,E12000005,West Midlands,England,[note 5],"3,356","3,674","3,729","4,709","5,743","5,254","4,265","4,291","4,703","3,609","2,884","2,622","2,594","1,931","1,686","2,124","2,685","3,194","3,960","5,137","4,541","10,393","12,438","13,119","17,569","17,234","14,758","14,757","14,758","2,355","2,304","2,374","2,374","2,374","2,374",0,0,[x],0
E07000076,Tendring,Tendring,E07000076,E12000006,East of England,England,,"1,713","2,375","1,690","1,629","1,634","1,774",966,"1,669","1,571","1,430","1,646","1,412","1,960","2,498","2,763","2,373","2,847","2,927","3,399","3,155","3,388","3,561","3,074","2,635","2,635","3,376","2,663","1,342","1,225","1,207","1,308","1,362","1,509","1,614","1,175","2,677","2,115","2,260","1,857"
E07000093,Test Valley,Test Valley,E07000093,E12000008,South East,England,,"3,425","3,310","3,609","3,552","3,338","2,997","2,788","2,561","2,199","1,781","1,873","1,768","1,723","1,611","1,440","1,645","2,189","2,092","2,698","2,885","3,925","3,048","3,030","2,994","2,619","3,705","2,997","2,477","2,230","1,981","1,990","2,010","2,094","2,111","2,200","2,210","2,353","2,486","2,387"
E07000083,Tewkesbury,Tewkesbury,E07000083,E12000009,South West,England,,"1,544","1,511","1,491",975,892,797,619,641,588,543,580,704,"1,096","1,158","1,471","1,344","1,401","1,623","1,560","1,522","1,793","1,987","1,367","1,498","1,702","1,877","2,405","2,010","1,662","1,928","2,367","1,964","1,969","1,900","1,835","1,763","1,757","1,726","1,780"
E07000114,Thanet,Thanet,E07000114,E12000008,South East,England,,"1,486","2,073","2,643","2,376","2,685","2,254","2,391","2,197","1,808","1,393","1,387","1,422","1,528","1,997","2,356","3,444","3,659","3,242","3,419","3,394","3,757","3,255","4,697","4,898","5,123","4,780","6,176",634,"1,443","1,518","2,156","2,423","2,593","2,032","1,607","1,551","1,293","1,554","1,219"
E07000102,Three Rivers,Three Rivers,E07000102,E12000006,East of England,England,,"1,326","1,338","1,449","1,501",964,989,"1,011",906,896,851,962,948,818,"1,015",851,"1,002","1,673","1,573","1,724","1,760","1,825","1,825","2,318","2,768","2,104","2,179","1,408",888,929,675,659,686,936,982,"1,208","1,165","1,346","1,289","1,040"
E06000034,Thurrock,Thurrock,E06000034,E12000006,East of England,England,,"3,208","3,197","3,213","3,503","3,070","2,893","3,812","3,844","4,012","3,769","3,863","3,990","1,795","2,933","3,934","4,640","5,394","9,469","3,066","2,950","2,823","2,502","2,087","2,597","2,252","2,716","3,403","3,544","3,145","5,724","7,899","8,826","8,258","8,153","7,040","7,035","4,855","4,422","5,114"
E07000115,Tonbridge and Malling,Tonbridge and Malling,E07000115,E12000008,South East,England,,"1,661","1,530","1,418","1,279","1,342",120,140,149,973,873,903,192,658,920,"1,168","1,330","1,460","1,913","1,727","1,897","1,858","2,350","1,421","2,492","1,921","1,945","1,773","1,036","1,346","1,062",989,"1,148","1,242","1,242","1,171","1,410","1,208",164,265
E06000027,Torbay,Torbay,E06000027,E12000009,South West,England,,"1,255","1,448","1,352","1,362","1,316","1,204","1,179","1,235","1,107","1,193","1,204",932,722,937,981,851,"1,314","2,555","1,860","4,611","3,995","5,221","6,493","2,482","3,966","3,425","3,066","3,195","1,846","2,017","1,848","1,074","1,045","1,281","1,366","1,572","1,674","1,639","1,819"
E07000046,Torridge,Torridge,E07000046,E12000009,South West,England,,797,713,766,739,702,685,608,687,670,693,668,931,880,"1,019","1,106",981,"1,057","1,095","1,106","1,516","1,325","1,282","1,209",900,"1,311","1,216","1,211","1,315","1,548","1,688","1,861","1,595","1,196",983,"1,233","1,651","1,986","2,205","1,234"
E09000030,Tower Hamlets,Tower Hamlets,E09000030,E12000007,London,England,,"11,722","11,974","12,423","11,493","11,169","10,767","9,444","7,559","6,447","6,718","7,955","5,943","6,215","6,751","7,566","7,837","10,979","14,575","21,183","12,926","13,978","18,582","19,681","22,707","23,128","23,406","24,428","20,425","19,783","19,124","18,616","18,808","19,826","20,073","21,152","21,840","23,609","24,519","28,469"
E08000009,Trafford,Trafford,E08000009,E12000002,North West,England,,"4,640","5,596","6,350","6,975","5,509","4,373","4,161","3,702","3,385","3,131","3,681","5,184","5,198","4,599","5,603","4,127","7,902","10,443","6,198","6,067","5,971","9,080","11,597","12,853","9,631","11,817","3,699","4,492","5,682","6,140","4,053","3,612","4,914","4,882","4,156","6,735","4,971","7,083","5,246"
E07000116,Tunbridge Wells,Tunbridge Wells,E07000116,E12000008,South East,England,,"1,662","2,277","2,547","1,408","1,319",906,"1,019",672,581,626,626,546,674,981,"1,028",995,"1,081","1,147","1,179","1,447","1,396","1,774","1,582","2,355","2,347","2,677","2,270","1,104","1,103",988,940,836,887,929,897,961,828,636,639
E07000161,Tynedale,Northumberland,E06000057,E12000001,North East,England,,"1,831","1,517","1,339","1,357","1,437","1,216","1,373","1,502","1,137","1,785","1,754","2,188","1,970",820,"1,251","1,011","1,104","1,338","1,576","1,626","1,639","1,564","1,586",[z],[z],[z],[z],[z],[z],[z],[z],[z],[z],[z],[z],[z],[z],[z],[z]
E07000077,Uttlesford,Uttlesford,E07000077,E12000006,East of England,England,,988,969,987,955,"1,113","1,273","1,358","1,247","1,234","1,075","1,018","1,052",963,907,321,894,772,"1,144",929,921,"1,208","1,293","1,146","1,020",915,"1,182","1,536","1,813","1,193",888,808,"1,112","1,090","1,108","1,337","1,272","1,328","1,461","1,374"
E07000018,Vale Royal,Cheshire West and Chester,E06000050,E12000002,North West,England,,"2,421","2,427","2,963","3,202","3,131","3,334","3,219","3,758","3,640","3,600","3,512","3,215","2,583","2,329","2,117","2,826","2,308","2,547","3,150","3,522","4,190","4,425","2,981",[z],[z],[z],[z],[z],[z],[z],[z],[z],[z],[z],[z],[z],[z],[z],[z]
E07000180,Vale of White Horse,Vale of White Horse,E07000180,E12000008,South East,England,,"2,968","3,021","2,866","2,806","2,569","2,553","1,593","1,489","1,308","1,358","1,446","2,008","1,919","1,802","2,292","2,698","3,313","3,717","1,981","2,817","3,185","3,640","3,947","3,518","2,730","2,796","3,431","3,431","3,706","3,984","2,318","2,113","2,175","2,003","2,456","2,152","2,163","2,549","2,904"
E08000036,Wakefield,Wakefield,E08000036,E12000003,Yorkshire and The Humber,England,,"7,494","6,682","7,150","8,707","9,103","8,711","8,673","8,490","8,005","8,801","6,987","6,569","5,084","4,786","4,725","4,862","5,796","6,559","9,218","10,777","18,541","18,169","19,798","22,911","24,550","16,530","19,530","20,014","20,853","23,043","20,264","25,480","29,227","23,791","25,974","22,055","25,703","29,685","27,496"
E08000030,Walsall,Walsall,E08000030,E12000005,West Midlands,England,,"15,961","17,063","17,383","18,812","19,695","18,499","12,109","9,280","7,302","6,268","5,795","7,949","8,235","8,933","3,701","3,962","5,163","6,875","12,024","6,977","4,881","10,779","16,394","12,327","14,511","17,189","3,745","3,831","5,398","6,441","8,330","11,924","8,078","10,129","14,327","13,728","14,630","3,840","3,012"
E09000031,Waltham Forest,Waltham Forest,E09000031,E12000007,London,England,,"8,996","10,362","10,046","10,800","12,851","14,898","10,136","11,658","7,741","8,555","8,000","7,977","7,172","7,476","8,664","10,283","9,680","9,016","8,837","11,059","10,169","9,655","14,341","15,624","16,153","21,864","25,054","20,635","15,405","8,306","8,795","7,330","8,379","8,409","8,580","9,508","8,944","9,507","12,463"
E09000032,Wandsworth,Wandsworth,E09000032,E12000007,London,England,,"7,318","8,555","7,783","7,292","7,027","7,384","6,913","6,561","5,877","5,620","2,662","2,733","2,916","2,441","3,120","3,923","5,072","6,672","8,668","8,952","8,695","8,924","9,421","6,037","5,299","5,208","5,919","2,788","3,399","3,846","4,400","5,202","6,399","7,199","8,498","9,228","9,793","11,646","9,543"
E07000162,Wansbeck,Northumberland,E06000057,E12000001,North East,England,,"1,504","1,783","1,718","1,436","1,310","7,415","4,286","2,093","2,756","3,319","3,527","2,270","1,926","1,021",736,700,986,"1,428","1,244","1,516","1,922","2,278","2,500",[z],[z],[z],[z],[z],[z],[z],[z],[z],[z],[z],[z],[z],[z],[z],[z]
E06000007,Warrington,Warrington,E06000007,E12000002,North West,England,,"5,748","4,396","3,495","4,171","4,725","4,689","4,524","4,810","3,606","2,852","2,516","1,497","2,442","2,079","1,485","1,835","2,604","4,430","7,977","9,725","10,407","11,563","7,651","10,016","10,968","12,091","3,173","5,196","2,454","3,080","2,646","3,345","3,480","5,127","4,893","5,490","6,035","7,599","8,435"
E07000222,Warwick,Warwick,E07000222,E12000005,West Midlands,England,,"1,941","1,773","1,548","1,584","1,477","1,011","1,131","1,065","1,303","1,171","1,255","1,642","1,510","1,612","1,597","2,015","1,879","2,200","2,453","3,171","4,692","5,999","3,305","3,754","3,095","3,174","2,995","2,995","3,429","2,410","2,488","2,337","2,033","1,767","1,832","1,499","1,625","1,704","1,664"
E07000103,Watford,Watford,E07000103,E12000006,East of England,England,,"2,058","1,156","1,599","1,713","1,537","1,213","1,118","1,133","1,185","1,157","1,226","1,494","1,472","1,452","1,856","1,156","1,373","1,846","2,000","1,978","2,260","3,072","3,456","3,776","4,346","4,477","5,422","5,324","4,833",801,725,561,654,697,928,835,945,"1,048","1,232"
E07000206,Waveney,East Suffolk,E07000244,E12000006,East of England,England,,"1,693","1,748","1,770",599,"1,518","1,511","1,424","1,399","1,421","1,886","1,806","1,605","1,675","1,813","1,952","2,007","2,229","1,919","3,111","2,619","2,127","1,800","3,642","3,911","1,665","2,279","2,875","2,875","2,409","2,170","2,191","2,154","4,321",[z],[z],[z],[z],[z],[z]
E07000216,Waverley,Waverley,E07000216,E12000008,South East,England,,"3,362","3,370","2,494","1,800","1,840","1,441","1,543","1,329","1,484","1,112","1,070","1,314","1,288","1,066","1,201","1,269","1,389","1,569","1,680","1,719","1,743","2,267","2,585","2,526","2,606","2,697","1,350","1,346","1,225","1,218","1,193","1,093","1,018",763,815,830,796,850,751
E07000065,Wealden,Wealden,E07000065,E12000008,South East,England,,"1,307","1,506","1,334","1,351","1,161","1,318","1,186","1,194","1,237","1,112",805,849,859,874,939,977,"1,620","1,954","2,219","2,309","1,613","2,185","2,233","2,229","1,994","1,880","1,441","1,130","1,012",962,"1,013",794,671,796,629,532,743,"1,071",929
E07000060,Wear Valley,County Durham,E06000047,E12000001,North East,England,,"1,812","1,699","1,659","1,986","1,915","2,271","1,781","2,044","2,278","2,382","2,409","2,432","2,346","2,248","1,270","2,237","2,482","1,475","2,703","3,476","3,123","2,817","2,428",[z],[z],[z],[z],[z],[z],[z],[z],[z],[z],[z],[z],[z],[z],[z],[z]
E07000156,Wellingborough,North Northamptonshire,E06000061,E12000004,East Midlands,England,,"1,652","1,914","2,020","2,010","1,899","2,164","1,980","1,912","1,901","2,025","1,665","1,815","2,051","1,864","1,547",820,"1,450","1,258","1,810","1,928","1,558","1,243","1,621","1,691","1,539","2,857","1,728",601,599,700,539,631,560,631,589,[z],[z],[z],[z]
E07000241,Welwyn Hatfield,Welwyn Hatfield,E07000241,E12000006,East of England,England,,"3,887","3,586","3,628","3,300","3,183","3,320","2,663","2,399","2,468","2,231","2,016","2,157","2,201","2,451","2,736","2,535","2,890","2,787","2,609","3,298","3,542","3,640","3,001","3,139","3,250","3,203","2,904","2,090","1,722","1,461","1,959","2,286","2,610","2,283","2,876","3,119","3,075","3,532","3,388"
E06000037,West Berkshire,West Berkshire,E06000037,E12000008,South East,England,,"2,508","2,540","3,041","2,460","1,958","2,420","3,395","2,240","2,903","2,962","2,680","2,626",887,781,"1,014","1,008","1,640","1,820","2,242","2,785","2,893","4,259","5,463","4,729","4,852","4,076","3,913","2,287","2,844","2,065","2,065","1,247","1,755","2,765",453,381,941,"1,025",979
E07000047,West Devon,West Devon,E07000047,E12000009,South West,England,,765,739,905,825,780,792,657,692,677,635,666,701,771,720,716,918,967,"1,077","1,325","1,024","1,524","1,515","2,035","1,065","1,660","1,892","2,080","1,554","1,693","1,120",757,718,872,797,926,"1,130",977,944,955
E07000052,West Dorset,Dorset,E06000059,E12000009,South West,England,,"1,413","1,741","2,042","1,383","2,617","2,216","2,649","1,624","2,139","1,946",774,918,520,650,541,497,"1,189","2,096","1,346","1,512","1,772","1,782","2,313","2,351","2,883","1,307","2,271","2,503",945,"1,151","1,286","1,641","1,727",[z],[z],[z],[z],[z],[z]
E07000127,West Lancashire,West Lancashire,E07000127,E12000002,North West,England,,"2,465","3,035","2,777","2,728","2,125","1,987","2,325","1,881","1,738","1,603","1,422","1,912","1,712","1,423",987,"1,074","2,340","2,545","2,086","2,318","2,407","2,605","2,550","2,438","2,341","2,880","2,931","1,667","2,085","2,383","2,652",710,889,816,941,"1,007","1,010","1,297","1,331"
E07000142,West Lindsey,West Lindsey,E07000142,E12000004,East Midlands,England,,"1,140","1,357","1,606","1,642","1,827","1,495","1,567","1,529","1,432","1,376","1,340","1,451","1,295","1,307",809,"1,501","1,785","1,321","1,715","1,783","1,993","1,861","1,937","1,293","1,129",948,"1,264","1,540","1,789","1,307","1,162",981,903,"1,047","1,624","2,221","2,643","2,458","3,186"
E06000062,West Northamptonshire,West Northamptonshire,E06000062,E12000004,East Midlands,England,,[z],[z],[z],[z],[z],[z],[z],[z],[z],[z],[z],[z],[z],[z],[z],[z],[z],[z],[z],[z],[z],[z],[z],[z],[z],[z],[z],[z],[z],[z],[z],[z],[z],[z],[z],"5,092","4,534","4,832","1,601"
E07000181,West Oxfordshire,West Oxfordshire,E07000181,E12000008,South East,England,,"1,488","1,918","2,205","2,456","1,500","1,460","1,425","1,349","1,264","1,592","1,140","1,480","1,453","1,241","1,234","1,710","2,078","2,494","2,847","2,228","2,149","2,131","1,996","2,085","2,107","2,092","1,999",992,994,"1,443","1,969","2,684","2,488","2,184","2,839","2,941","2,621","2,145","2,251"
E07000191,West Somerset,Somerset,E06000066,E12000009,South West,England,,579,581,600,577,553,559,541,520,552,557,566,548,864,901,997,"1,210","1,233","1,344","1,251","1,331","1,353","1,271","1,252","1,828","1,481","1,363","1,173","1,122",700,622,564,579,776,[z],[z],[z],[z],[z],[z]
E07000245,West Suffolk,West Suffolk,E07000245,E12000006,East of England,England,,[z],[z],[z],[z],[z],[z],[z],[z],[z],[z],[z],[z],[z],[z],[z],[z],[z],[z],[z],[z],[z],[z],[z],[z],[z],[z],[z],[z],[z],[z],[z],[z],[z],"1,861","2,034","2,022","2,467","2,580","2,588"
E07000233,West Wiltshire,Wiltshire,E06000054,E12000009,South West,England,,"2,157","2,241","2,316","2,207","2,282","2,261","2,287","2,012","2,294","2,210","2,207","1,914","3,022","2,786","2,427","2,491","2,673","3,228","2,818","4,185","4,449","5,441","2,148",[z],[z],[z],[z],[z],[z],[z],[z],[z],[z],[z],[z],[z],[z],[z],[z]
E09000033,Westminster,Westminster,E09000033,E12000007,London,England,,"10,418","9,044","8,708","7,506","5,699","7,569","8,726","4,753","4,291","3,674","3,658","5,399","7,028","8,099","8,855","3,709","6,591","5,667","6,565","7,240","8,018","8,513","8,394","8,892","9,350","2,084","4,161","4,378","4,562","4,453","4,222","3,907","3,998","3,466","3,910","4,004","4,336","5,232","6,452"
E06000064,Westmorland and Furness,Westmorland and Furness,E06000064,E12000002,North West,England,,[z],[z],[z],[z],[z],[z],[z],[z],[z],[z],[z],[z],[z],[z],[z],[z],[z],[z],[z],[z],[z],[z],[z],[z],[z],[z],[z],[z],[z],[z],[z],[z],[z],[z],[z],[z],[z],"7,549","8,501"
E07000053,Weymouth and Portland,Dorset,E06000059,E12000009,South West,England,,951,949,933,"1,124","1,106","1,036","1,043",921,953,963,"1,019","1,067","1,074",880,"1,316","1,283","1,662","1,444","2,746","3,166","3,979","4,956","3,349","3,874","4,206","1,646","2,601","2,690","1,031","1,254","1,343","1,648","1,673",[z],[z],[z],[z],[z],[z]
E08000010,Wigan,Wigan,E08000010,E12000002,North West,England,,"10,117","4,305","4,642","5,774","6,136","6,667","6,651","6,024","5,859","5,458","5,391","5,025","5,151","5,152","5,260","5,184","5,109","5,684","4,035","5,801","5,059","5,991","4,561","4,673","4,519","3,591","3,418","2,912","2,729","3,571","3,977","4,152","7,423","7,337","8,460","10,404","12,018","11,494","10,295"
E06000054,Wiltshire,Wiltshire,E06000054,E12000009,South West,England,,[z],[z],[z],[z],[z],[z],[z],[z],[z],[z],[z],[z],[z],[z],[z],[z],[z],[z],[z],[z],[z],[z],[z],"10,654","13,875","17,108","18,478","19,122","1,325","1,853","2,149","2,425","2,478","3,850","3,947","4,785","4,594","4,285","3,999"
E07000094,Winchester,Winchester,E07000094,E12000008,South East,England,,"2,259","1,767","1,758","1,551","1,402","1,305","1,027","1,079",999,951,"1,013","1,094","1,129","1,138","1,236","1,263","1,237","1,043","1,949","1,607","2,205","2,230","3,157","2,738","2,738","3,094","2,447","2,084","2,157","2,265","2,029","1,648","1,309","1,369","1,452","1,286","1,579","1,544","1,607"
E06000040,Windsor and Maidenhead,Windsor and Maidenhead,E06000040,E12000008,South East,England,,"1,245","1,253","1,304","1,606","1,324","1,212",896,770,929,"1,502","1,920","2,393","2,419","2,363","2,375","2,301","2,357","2,418","2,353","1,690","1,674","1,922","2,117","1,977","2,168","2,463","2,161",667,200,359,436,436,436,744,970,566,571,720,823
E08000015,Wirral,Wirral,E08000015,E12000002,North West,England,,"5,642","6,704","6,841","7,360","8,723","8,666","7,218","7,007","8,111","6,643","4,949","6,912","5,725","6,824","7,861","10,604","8,795","8,215","15,524","13,252","13,912","15,066","13,770","19,224","16,232","21,280","8,724","15,143","18,274","17,937","9,571","8,939","8,797","9,060","11,706","14,802","16,043","5,841","5,228"
E07000217,Woking,Woking,E07000217,E12000008,South East,England,,"1,405","1,492","1,326","1,287","1,337","1,236","1,121","1,174","1,184","1,203","1,005","1,418","1,547","1,226","1,672","1,813","1,983","1,647","2,173","2,203","3,244","2,603","2,015","2,086","2,087","1,801","1,809","1,246","1,100","1,181","1,284","1,556","1,556",952,957,"1,144","1,069","1,165","1,196"
E06000041,Wokingham,Wokingham,E06000041,E12000008,South East,England,,"1,056","1,249","1,180","1,158","1,050","1,209","1,212","1,185","1,329","1,266","1,855","1,453","1,359","1,497","1,851","2,564","2,372","2,457","2,116","2,294","2,699","3,036","2,590","2,727","2,608","2,383","2,274","2,417","1,622","1,527","1,702","1,613","1,498","1,510","2,086","2,592","2,420","1,342","1,295"
E08000031,Wolverhampton,Wolverhampton,E08000031,E12000005,West Midlands,England,,"6,212","5,875","6,795","7,013","7,658","7,916","6,862","6,061","4,665","4,384","4,660","3,682","3,584","3,353","3,285","4,016","4,371","5,326","6,603","6,347","6,029","4,965","4,440","7,194","11,011","9,346","9,855","9,917","8,279","5,511","7,561","7,310","7,523","7,032","9,256","3,156","6,382","6,638","8,260"
E07000237,Worcester,Worcester,E07000237,E12000005,West Midlands,England,,"2,361","1,726","2,326","2,696","2,447","1,486","1,461","1,505","1,900","2,007","2,112","2,126","1,518","1,342","1,439","1,508","1,654","2,223","2,581","2,825","2,150","2,419","2,793","4,125","4,637","4,435","4,565","3,320","4,334","2,360","3,324","3,867","4,641","4,163","1,234","4,829","3,238","3,910","4,187"
E07000229,Worthing,Worthing,E07000229,E12000008,South East,England,,800,833,897,968,"1,031","1,094","1,117",959,924,"1,022","1,178",957,"1,361","1,465","1,939","1,815","1,574","1,648","2,216","2,662","2,361","2,465","2,532","1,273","1,868","1,573","1,221","1,298","1,320","1,110","1,328","1,334","1,305","1,439","1,419","1,551","1,789","1,925","2,106"
E07000238,Wychavon,Wychavon,E07000238,E12000005,West Midlands,England,,"1,663","1,677","1,956","1,943","1,983","1,828","1,705","1,452","1,534","1,625","2,374","2,273","2,631","2,029","2,257","2,428","2,042","2,635","3,554","3,148","5,039","5,653","4,015","4,033","4,235","4,713","4,791","2,970","3,877","1,902","2,489","2,425","2,892","3,421","1,242","2,030","2,678","2,992","2,569"
E07000007,Wycombe,Buckinghamshire,E06000060,E12000008,South East,England,,"2,131","2,476","2,410","1,606","1,435","1,391","1,339","1,191","1,155","1,119","1,007",967,996,"1,077","1,096","1,323","1,464","1,757","2,086","2,342","2,545","2,100","2,132","2,959","3,924","4,216","3,308","3,908","1,393","1,570","1,525","1,309","1,601","1,244",[z],[z],[z],[z],[z]
E07000128,Wyre,Wyre,E07000128,E12000002,North West,England,,"2,129","2,162","2,421","2,583","2,427","1,752","1,820","1,681","1,753","1,618","1,720",767,851,"1,116","1,405","1,410","1,569","1,944","2,072","3,818",22,9,11,7,10,10,10,10,"4,162","5,049","5,024","4,452","2,026","2,574","3,368","4,097","4,762","4,821","5,744"
E07000239,Wyre Forest,Wyre Forest,E07000239,E12000005,West Midlands,England,,"2,900","2,072","2,121","2,267","2,281","2,308","2,294","2,146","1,957","1,800","1,781","2,049","2,420","3,434","2,119","2,785","2,628","2,662","2,630","2,984","3,210","3,371","2,607","4,015","3,926","5,726","5,374","3,277","4,243","2,356","3,378","3,427","3,564","2,797","2,547","3,377","3,954","3,029","3,584"
E06000014,York,York,E06000014,E12000003,Yorkshire and The Humber,England,,"3,234","3,332","3,383","3,959","3,959","3,392","3,911","3,262","3,178","3,453","4,515","4,139","4,624","4,496","4,425","3,459","3,625","1,888","2,122","1,600","1,927","2,289","2,321","2,510","2,691","3,121","3,739","1,805","1,105","1,216","1,154","1,161","1,202","1,597","1,738","1,556","1,286","1,507","1,243"